origem,destino,tipo,evidencia,status
EF15LP14,EF15LP18,relacionada,EF15LP14,confirmada na planilha
EF15LP14,EF15LP18,mencao_comentario,EF15LP14,confirmada na planilha
EF15LP16,EF15LP15,relacionada,EF15LP16,confirmada na planilha
EF15LP16,EF35LP26,relacionada,EF15LP16,confirmada na planilha
EF15LP16,EF15LP15,mencao_comentario,EF15LP16,confirmada na planilha
EF15LP17,EF15LP18,relacionada,EF15LP17,confirmada na planilha
EF15LP17,EF15LP15,relacionada,EF15LP17,confirmada na planilha
EF15LP17,EF15LP18,mencao_comentario,EF15LP17,confirmada na planilha
EF15LP17,EF15LP15,mencao_comentario,EF15LP17,confirmada na planilha
EF15LP19,EF15LP18,relacionada,EF15LP19,confirmada na planilha
EF15LP19,EF12LP18,relacionada,EF15LP19,confirmada na planilha
EF15LP19,EF01LP18,relacionada,EF15LP19,confirmada na planilha
EF15LP19,EF04LP25,relacionada,EF15LP19,confirmada na planilha
EF15LP19,EF15LP18,mencao_comentario,EF15LP19,confirmada na planilha
EF12LP01,EF01LP09,relacionada,EF12LP01,confirmada na planilha
EF12LP01,EF01LP13,relacionada,EF12LP01,confirmada na planilha
EF12LP01,EF01LP03,relacionada,EF12LP01,confirmada na planilha
EF12LP04,EF12LP06,relacionada,EF12LP04,confirmada na planilha
EF12LP04,EF15LP02,relacionada,EF12LP04,confirmada na planilha
EF12LP04,EF15LP03,relacionada,EF12LP04,confirmada na planilha
EF12LP04,EF15LP04,relacionada,EF12LP04,confirmada na planilha
EF12LP06,EF12LP04,relacionada,EF12LP06,confirmada na planilha
EF12LP06,EF15LP13,relacionada,EF12LP06,confirmada na planilha
EF12LP06,EF12LP04,mencao_comentario,EF12LP06,confirmada na planilha
EF12LP07,EF12LP05,relacionada,EF12LP07,confirmada na planilha
EF12LP07,EF12LP03,relacionada,EF12LP07,confirmada na planilha
EF12LP05,EF15LP14,relacionada,EF12LP05,confirmada na planilha
EF12LP05,EF15LP17,relacionada,EF12LP05,confirmada na planilha
EF12LP05,EF12LP07,relacionada,EF12LP05,confirmada na planilha
EF12LP08,EF12LP11,relacionada,EF12LP08,confirmada na planilha
EF12LP08,EF12LP14,relacionada,EF12LP08,confirmada na planilha
EF12LP14,EF12LP08,relacionada,EF12LP14,confirmada na planilha
EF12LP14,EF12LP11,relacionada,EF12LP14,confirmada na planilha
EF12LP11,EF12LP08,relacionada,EF12LP11,confirmada na planilha
EF12LP11,EF12LP14,relacionada,EF12LP11,confirmada na planilha
EF12LP11,EF12LP14,mencao_comentario,EF12LP11,confirmada na planilha
EF12LP10,EF15LP02,relacionada,EF12LP10,confirmada na planilha
EF12LP10,EF15LP03,relacionada,EF12LP10,confirmada na planilha
EF12LP17,EF15LP03,relacionada,EF12LP17,confirmada na planilha
EF12LP19,EF12LP18,relacionada,EF12LP19,confirmada na planilha
EF12LP19,EF15LP17,relacionada,EF12LP19,confirmada na planilha
EF01LP02,EF01LP03,relacionada,EF01LP02,confirmada na planilha
EF01LP02,EF01LP05,relacionada,EF01LP02,confirmada na planilha
EF01LP02,EF01LP07,relacionada,EF01LP02,confirmada na planilha
EF01LP02,EF01LP08,relacionada,EF01LP02,confirmada na planilha
EF01LP02,EF01LP10,relacionada,EF01LP02,confirmada na planilha
EF01LP02,EF01LP04,relacionada,EF01LP02,confirmada na planilha
EF01LP02,EF01LP06,relacionada,EF01LP02,confirmada na planilha
EF01LP02,EF01LP09,relacionada,EF01LP02,confirmada na planilha
EF01LP02,EF01LP13,relacionada,EF01LP02,confirmada na planilha
EF01LP11,EF01LP20,relacionada,EF01LP11,confirmada na planilha
EF01LP11,EF01LP24,relacionada,EF01LP11,confirmada na planilha
EF01LP11,EF12LP04,relacionada,EF01LP11,confirmada na planilha
EF01LP11,EF12LP08,relacionada,EF01LP11,confirmada na planilha
EF01LP11,EF12LP11,relacionada,EF01LP11,confirmada na planilha
EF01LP15,EF01LP01,relacionada,EF01LP15,confirmada na planilha
EF01LP15,EF01LP03,relacionada,EF01LP15,confirmada na planilha
EF01LP15,EF12LP01,relacionada,EF01LP15,confirmada na planilha
EF01LP15,EF01LP09,relacionada,EF01LP15,confirmada na planilha
EF01LP19,EF01LP06,relacionada,EF01LP19,confirmada na planilha
EF01LP19,EF01LP09,relacionada,EF01LP19,confirmada na planilha
EF01LP19,EF01LP12,relacionada,EF01LP19,confirmada na planilha
EF01LP19,EF01LP14,relacionada,EF01LP19,confirmada na planilha
EF01LP19,EF12LP18,relacionada,EF01LP19,confirmada na planilha
EF01LP19,EF12LP01,relacionada,EF01LP19,confirmada na planilha
EF01LP19,EF01LP06,mencao_comentario,EF01LP19,confirmada na planilha
EF01LP19,EF01LP09,mencao_comentario,EF01LP19,confirmada na planilha
EF01LP16,EF01LP18,relacionada,EF01LP16,confirmada na planilha
EF01LP16,EF01LP19,relacionada,EF01LP16,confirmada na planilha
EF01LP16,EF12LP04,relacionada,EF01LP16,confirmada na planilha
EF01LP16,EF01LP01,relacionada,EF01LP16,confirmada na planilha
EF01LP16,EF01LP12,relacionada,EF01LP16,confirmada na planilha
EF01LP16,EF01LP14,relacionada,EF01LP16,confirmada na planilha
EF01LP16,EF01LP19,mencao_comentario,EF01LP16,confirmada na planilha
EF01LP16,EF01LP01,mencao_comentario,EF01LP16,confirmada na planilha
EF01LP16,EF01LP12,mencao_comentario,EF01LP16,confirmada na planilha
EF01LP18,EF01LP02,relacionada,EF01LP18,confirmada na planilha
EF01LP18,EF01LP16,relacionada,EF01LP18,confirmada na planilha
EF01LP18,EF01LP19,relacionada,EF01LP18,confirmada na planilha
EF01LP18,EF01LP03,relacionada,EF01LP18,confirmada na planilha
EF01LP18,EF01LP16,mencao_comentario,EF01LP18,confirmada na planilha
EF01LP18,EF01LP19,mencao_comentario,EF01LP18,confirmada na planilha
EF01LP18,EF01LP02,mencao_comentario,EF01LP18,confirmada na planilha
EF01LP18,EF01LP03,mencao_comentario,EF01LP18,confirmada na planilha
EF12LP04,EF01LP20,pre_requisito,EF01LP20,confirmada na planilha
EF01LP20,EF01LP01,relacionada,EF01LP20,confirmada na planilha
EF01LP20,EF01LP17,relacionada,EF01LP20,confirmada na planilha
EF01LP20,EF01LP04,relacionada,EF01LP20,confirmada na planilha
EF01LP20,EF01LP09,relacionada,EF01LP20,confirmada na planilha
EF01LP20,EF01LP13,relacionada,EF01LP20,confirmada na planilha
EF01LP20,EF01LP14,relacionada,EF01LP20,confirmada na planilha
EF01LP20,EF12LP04,mencao_comentario,EF01LP20,confirmada na planilha
EF01LP17,EF01LP01,relacionada,EF01LP17,confirmada na planilha
EF01LP17,EF01LP03,relacionada,EF01LP17,confirmada na planilha
EF01LP17,EF01LP20,relacionada,EF01LP17,confirmada na planilha
EF01LP17,EF12LP10,relacionada,EF01LP17,confirmada na planilha
EF01LP17,EF12LP17,relacionada,EF01LP17,confirmada na planilha
EF01LP17,EF01LP20,mencao_comentario,EF01LP17,confirmada na planilha
EF12LP10,EF01LP21,pre_requisito,EF01LP21,confirmada na planilha
EF01LP21,EF15LP05,relacionada,EF01LP21,confirmada na planilha
EF01LP21,EF12LP06,relacionada,EF01LP21,confirmada na planilha
EF01LP21,EF12LP10,relacionada,EF01LP21,confirmada na planilha
EF01LP21,EF12LP10,mencao_comentario,EF01LP21,confirmada na planilha
EF01LP22,EF12LP17,relacionada,EF01LP22,confirmada na planilha
EF01LP22,EF01LP01,relacionada,EF01LP22,confirmada na planilha
EF01LP22,EF01LP03,relacionada,EF01LP22,confirmada na planilha
EF01LP22,EF12LP17,mencao_comentario,EF01LP22,confirmada na planilha
EF01LP23,EF01LP22,relacionada,EF01LP23,confirmada na planilha
EF01LP23,EF15LP02,relacionada,EF01LP23,confirmada na planilha
EF01LP23,EF15LP03,relacionada,EF01LP23,confirmada na planilha
EF01LP23,EF15LP04,relacionada,EF01LP23,confirmada na planilha
EF01LP23,EF01LP22,mencao_comentario,EF01LP23,confirmada na planilha
EF12LP17,EF01LP24,pre_requisito,EF01LP24,confirmada na planilha
EF01LP24,EF01LP04,relacionada,EF01LP24,confirmada na planilha
EF01LP24,EF01LP09,relacionada,EF01LP24,confirmada na planilha
EF01LP24,EF01LP13,relacionada,EF01LP24,confirmada na planilha
EF01LP24,EF01LP14,relacionada,EF01LP24,confirmada na planilha
EF01LP24,EF12LP17,mencao_comentario,EF01LP24,confirmada na planilha
EF01LP26,EF15LP18,relacionada,EF01LP26,confirmada na planilha
EF01LP26,EF15LP16,relacionada,EF01LP26,confirmada na planilha
EF01LP26,EF15LP19,relacionada,EF01LP26,confirmada na planilha
EF01LP25,EF15LP16,relacionada,EF01LP25,confirmada na planilha
EF01LP25,EF15LP19,relacionada,EF01LP25,confirmada na planilha
EF01LP25,EF12LP05,relacionada,EF01LP25,confirmada na planilha
EF01LP25,EF15LP18,relacionada,EF01LP25,confirmada na planilha
EF01LP25,EF01LP26,relacionada,EF01LP25,confirmada na planilha
EF01LP19,EF02LP15,pre_requisito,EF02LP15,confirmada na planilha
EF02LP15,EF12LP07,relacionada,EF02LP15,confirmada na planilha
EF02LP15,EF02LP12,relacionada,EF02LP15,confirmada na planilha
EF02LP15,EF02LP03,relacionada,EF02LP15,confirmada na planilha
EF02LP15,EF02LP05,relacionada,EF02LP15,confirmada na planilha
EF02LP15,EF01LP19,mencao_comentario,EF02LP15,confirmada na planilha
EF02LP15,EF02LP03,mencao_comentario,EF02LP15,confirmada na planilha
EF02LP15,EF02LP05,mencao_comentario,EF02LP15,confirmada na planilha
EF01LP16,EF02LP12,pre_requisito,EF02LP12,confirmada na planilha
EF01LP19,EF02LP12,pre_requisito,EF02LP12,confirmada na planilha
EF02LP12,EF02LP15,relacionada,EF02LP12,confirmada na planilha
EF02LP12,EF12LP04,relacionada,EF02LP12,confirmada na planilha
EF02LP12,EF12LP17,relacionada,EF02LP12,confirmada na planilha
EF02LP12,EF02LP15,mencao_comentario,EF02LP12,confirmada na planilha
EF02LP16,EF02LP13,relacionada,EF02LP16,confirmada na planilha
EF02LP16,EF02LP01,relacionada,EF02LP16,confirmada na planilha
EF02LP16,EF02LP04,relacionada,EF02LP16,confirmada na planilha
EF02LP16,EF02LP05,relacionada,EF02LP16,confirmada na planilha
EF02LP16,EF02LP08,relacionada,EF02LP16,confirmada na planilha
EF02LP16,EF02LP09,relacionada,EF02LP16,confirmada na planilha
EF02LP16,EF02LP13,mencao_comentario,EF02LP16,confirmada na planilha
EF02LP13,EF15LP05,relacionada,EF02LP13,confirmada na planilha
EF02LP13,EF15LP06,relacionada,EF02LP13,confirmada na planilha
EF02LP13,EF12LP04,relacionada,EF02LP13,confirmada na planilha
EF02LP13,EF02LP16,relacionada,EF02LP13,confirmada na planilha
EF02LP13,EF02LP01,relacionada,EF02LP13,confirmada na planilha
EF02LP13,EF02LP04,relacionada,EF02LP13,confirmada na planilha
EF02LP13,EF02LP05,relacionada,EF02LP13,confirmada na planilha
EF02LP13,EF02LP08,relacionada,EF02LP13,confirmada na planilha
EF02LP13,EF02LP09,relacionada,EF02LP13,confirmada na planilha
EF02LP13,EF02LP16,mencao_comentario,EF02LP13,confirmada na planilha
EF02LP17,EF15LP03,relacionada,EF02LP17,confirmada na planilha
EF02LP17,EF02LP14,relacionada,EF02LP17,confirmada na planilha
EF02LP14,EF15LP05,relacionada,EF02LP14,confirmada na planilha
EF02LP14,EF15LP06,relacionada,EF02LP14,confirmada na planilha
EF02LP14,EF02LP17,relacionada,EF02LP14,confirmada na planilha
EF02LP14,EF02LP01,relacionada,EF02LP14,confirmada na planilha
EF02LP14,EF02LP03,relacionada,EF02LP14,confirmada na planilha
EF02LP14,EF02LP04,relacionada,EF02LP14,confirmada na planilha
EF02LP14,EF02LP05,relacionada,EF02LP14,confirmada na planilha
EF02LP14,EF02LP08,relacionada,EF02LP14,confirmada na planilha
EF02LP14,EF02LP09,relacionada,EF02LP14,confirmada na planilha
EF02LP14,EF02LP17,mencao_comentario,EF02LP14,confirmada na planilha
EF02LP19,EF02LP21,relacionada,EF02LP19,confirmada na planilha
EF02LP19,EF15LP05,relacionada,EF02LP19,confirmada na planilha
EF02LP19,EF15LP06,relacionada,EF02LP19,confirmada na planilha
EF02LP19,EF12LP11,relacionada,EF02LP19,confirmada na planilha
EF02LP19,EF12LP14,relacionada,EF02LP19,confirmada na planilha
EF02LP19,EF02LP08,relacionada,EF02LP19,confirmada na planilha
EF02LP19,EF02LP09,relacionada,EF02LP19,confirmada na planilha
EF02LP19,EF12LP11,mencao_comentario,EF02LP19,confirmada na planilha
EF02LP19,EF12LP14,mencao_comentario,EF02LP19,confirmada na planilha
EF02LP18,EF15LP02,relacionada,EF02LP18,confirmada na planilha
EF02LP18,EF15LP04,relacionada,EF02LP18,confirmada na planilha
EF02LP18,EF15LP05,relacionada,EF02LP18,confirmada na planilha
EF02LP18,EF15LP06,relacionada,EF02LP18,confirmada na planilha
EF02LP18,EF02LP01,relacionada,EF02LP18,confirmada na planilha
EF02LP18,EF02LP03,relacionada,EF02LP18,confirmada na planilha
EF02LP18,EF02LP08,relacionada,EF02LP18,confirmada na planilha
EF02LP18,EF02LP09,relacionada,EF02LP18,confirmada na planilha
EF02LP18,EF12LP09,mencao_comentario,EF02LP18,confirmada na planilha
EF01LP24,EF02LP25,pre_requisito,EF02LP25,confirmada na planilha
EF02LP25,EF15LP02,relacionada,EF02LP25,confirmada na planilha
EF02LP25,EF15LP04,relacionada,EF02LP25,confirmada na planilha
EF02LP25,EF02LP20,relacionada,EF02LP25,confirmada na planilha
EF02LP25,EF12LP17,relacionada,EF02LP25,confirmada na planilha
EF02LP25,EF02LP23,relacionada,EF02LP25,confirmada na planilha
EF02LP25,EF02LP24,relacionada,EF02LP25,confirmada na planilha
EF02LP25,EF02LP01,relacionada,EF02LP25,confirmada na planilha
EF02LP25,EF02LP09,relacionada,EF02LP25,confirmada na planilha
EF02LP25,EF12LP17,mencao_comentario,EF02LP25,confirmada na planilha
EF02LP25,EF01LP24,mencao_comentario,EF02LP25,confirmada na planilha
EF01LP22,EF02LP24,pre_requisito,EF02LP24,confirmada na planilha
EF02LP24,EF15LP04,relacionada,EF02LP24,confirmada na planilha
EF02LP24,EF15LP05,relacionada,EF02LP24,confirmada na planilha
EF02LP24,EF15LP06,relacionada,EF02LP24,confirmada na planilha
EF02LP24,EF02LP20,relacionada,EF02LP24,confirmada na planilha
EF02LP24,EF02LP21,relacionada,EF02LP24,confirmada na planilha
EF02LP24,EF02LP22,relacionada,EF02LP24,confirmada na planilha
EF02LP24,EF02LP23,relacionada,EF02LP24,confirmada na planilha
EF02LP24,EF02LP25,relacionada,EF02LP24,confirmada na planilha
EF02LP24,EF02LP25,mencao_comentario,EF02LP24,confirmada na planilha
EF01LP22,EF02LP22,pre_requisito,EF02LP22,confirmada na planilha
EF02LP22,EF15LP04,relacionada,EF02LP22,confirmada na planilha
EF02LP22,EF15LP05,relacionada,EF02LP22,confirmada na planilha
EF02LP22,EF15LP06,relacionada,EF02LP22,confirmada na planilha
EF02LP22,EF02LP20,relacionada,EF02LP22,confirmada na planilha
EF02LP22,EF02LP23,relacionada,EF02LP22,confirmada na planilha
EF02LP22,EF02LP24,relacionada,EF02LP22,confirmada na planilha
EF01LP22,EF02LP23,pre_requisito,EF02LP23,confirmada na planilha
EF02LP23,EF02LP20,relacionada,EF02LP23,confirmada na planilha
EF02LP23,EF02LP22,relacionada,EF02LP23,confirmada na planilha
EF02LP23,EF02LP24,relacionada,EF02LP23,confirmada na planilha
EF02LP23,EF02LP25,relacionada,EF02LP23,confirmada na planilha
EF01LP25,EF02LP27,pre_requisito,EF02LP27,confirmada na planilha
EF02LP27,EF15LP05,relacionada,EF02LP27,confirmada na planilha
EF02LP27,EF15LP06,relacionada,EF02LP27,confirmada na planilha
EF02LP27,EF15LP16,relacionada,EF02LP27,confirmada na planilha
EF02LP27,EF15LP19,relacionada,EF02LP27,confirmada na planilha
EF02LP27,EF02LP28,relacionada,EF02LP27,confirmada na planilha
EF02LP27,EF02LP28,mencao_comentario,EF02LP27,confirmada na planilha
EF01LP26,EF02LP28,pre_requisito,EF02LP28,confirmada na planilha
EF02LP28,EF02LP27,relacionada,EF02LP28,confirmada na planilha
EF02LP28,EF15LP16,relacionada,EF02LP28,confirmada na planilha
EF02LP28,EF15LP19,relacionada,EF02LP28,confirmada na planilha
EF35LP05,EF15LP02,relacionada,EF35LP05,confirmada na planilha
EF35LP05,EF15LP03,relacionada,EF35LP05,confirmada na planilha
EF35LP05,EF15LP04,relacionada,EF35LP05,confirmada na planilha
EF12LP11,EF35LP16,pre_requisito,EF35LP16,confirmada na planilha
EF12LP08,EF35LP16,pre_requisito,EF35LP16,confirmada na planilha
EF02LP19,EF35LP16,pre_requisito,EF35LP16,confirmada na planilha
EF35LP16,EF04LP14,relacionada,EF35LP16,confirmada na planilha
EF35LP16,EF05LP15,relacionada,EF35LP16,confirmada na planilha
EF35LP16,EF03LP18,relacionada,EF35LP16,confirmada na planilha
EF35LP19,EF15LP10,relacionada,EF35LP19,confirmada na planilha
EF35LP19,EF15LP13,relacionada,EF35LP19,confirmada na planilha
EF35LP19,EF35LP03,relacionada,EF35LP19,confirmada na planilha
EF35LP19,EF35LP04,relacionada,EF35LP19,confirmada na planilha
EF02LP24,EF35LP20,pre_requisito,EF35LP20,confirmada na planilha
EF35LP20,EF15LP09,relacionada,EF35LP20,confirmada na planilha
EF35LP20,EF35LP19,relacionada,EF35LP20,confirmada na planilha
EF35LP20,EF35LP18,relacionada,EF35LP20,confirmada na planilha
EF35LP20,EF35LP18,mencao_comentario,EF35LP20,confirmada na planilha
EF35LP24,EF04LP27,relacionada,EF35LP24,confirmada na planilha
EF35LP24,EF03LP08,relacionada,EF35LP24,confirmada na planilha
EF35LP24,EF03LP08,mencao_comentario,EF35LP24,confirmada na planilha
EF02LP28,EF35LP26,pre_requisito,EF35LP26,confirmada na planilha
EF35LP26,EF35LP01,relacionada,EF35LP26,confirmada na planilha
EF35LP26,EF35LP03,relacionada,EF35LP26,confirmada na planilha
EF35LP26,EF35LP04,relacionada,EF35LP26,confirmada na planilha
EF35LP26,EF35LP21,relacionada,EF35LP26,confirmada na planilha
EF35LP26,EF35LP22,relacionada,EF35LP26,confirmada na planilha
EF35LP26,EF35LP30,relacionada,EF35LP26,confirmada na planilha
EF35LP26,EF35LP29,relacionada,EF35LP26,confirmada na planilha
EF02LP28,EF35LP29,pre_requisito,EF35LP29,confirmada na planilha
EF35LP29,EF35LP26,relacionada,EF35LP29,confirmada na planilha
EF35LP29,EF15LP16,relacionada,EF35LP29,confirmada na planilha
EF35LP29,EF35LP01,relacionada,EF35LP29,confirmada na planilha
EF35LP29,EF35LP03,relacionada,EF35LP29,confirmada na planilha
EF35LP29,EF35LP04,relacionada,EF35LP29,confirmada na planilha
EF35LP29,EF35LP21,relacionada,EF35LP29,confirmada na planilha
EF35LP29,EF35LP22,relacionada,EF35LP29,confirmada na planilha
EF35LP29,EF35LP30,relacionada,EF35LP29,confirmada na planilha
EF35LP29,EF35LP26,mencao_comentario,EF35LP29,confirmada na planilha
EF02LP27,EF35LP25,pre_requisito,EF35LP25,confirmada na planilha
EF02LP28,EF35LP25,pre_requisito,EF35LP25,confirmada na planilha
EF35LP25,EF35LP26,relacionada,EF35LP25,confirmada na planilha
EF35LP25,EF35LP29,relacionada,EF35LP25,confirmada na planilha
EF35LP25,EF35LP30,relacionada,EF35LP25,confirmada na planilha
EF35LP25,EF35LP08,relacionada,EF35LP25,confirmada na planilha
EF35LP25,EF35LP09,relacionada,EF35LP25,confirmada na planilha
EF35LP25,EF15LP16,relacionada,EF35LP25,confirmada na planilha
EF12LP18,EF35LP23,pre_requisito,EF35LP23,confirmada na planilha
EF35LP23,EF35LP27,relacionada,EF35LP23,confirmada na planilha
EF35LP23,EF15LP17,relacionada,EF35LP23,confirmada na planilha
EF35LP23,EF35LP31,relacionada,EF35LP23,confirmada na planilha
EF02LP15,EF35LP27,pre_requisito,EF35LP27,confirmada na planilha
EF02LP12,EF35LP27,pre_requisito,EF35LP27,confirmada na planilha
EF35LP27,EF15LP17,relacionada,EF35LP27,confirmada na planilha
EF35LP27,EF35LP23,relacionada,EF35LP27,confirmada na planilha
EF35LP27,EF35LP28,relacionada,EF35LP27,confirmada na planilha
EF35LP27,EF35LP23,mencao_comentario,EF35LP27,confirmada na planilha
EF35LP27,EF35LP28,mencao_comentario,EF35LP27,confirmada na planilha
EF15LP02,EF35LP31,pre_requisito,EF35LP31,confirmada na planilha
EF35LP31,EF35LP04,relacionada,EF35LP31,confirmada na planilha
EF35LP31,EF35LP23,relacionada,EF35LP31,confirmada na planilha
EF35LP31,EF35LP27,relacionada,EF35LP31,confirmada na planilha
EF35LP31,EF15LP02,mencao_comentario,EF35LP31,confirmada na planilha
EF35LP31,EF35LP04,mencao_comentario,EF35LP31,confirmada na planilha
EF35LP28,EF35LP23,relacionada,EF35LP28,confirmada na planilha
EF35LP28,EF35LP27,relacionada,EF35LP28,confirmada na planilha
EF35LP28,EF35LP23,mencao_comentario,EF35LP28,confirmada na planilha
EF35LP28,EF35LP27,mencao_comentario,EF35LP28,confirmada na planilha
EF12LP04,EF03LP11,pre_requisito,EF03LP11,confirmada na planilha
EF03LP11,EF35LP03,relacionada,EF03LP11,confirmada na planilha
EF03LP11,EF35LP04,relacionada,EF03LP11,confirmada na planilha
EF03LP11,EF35LP12,relacionada,EF03LP11,confirmada na planilha
EF03LP11,EF03LP01,relacionada,EF03LP11,confirmada na planilha
EF03LP11,EF03LP02,relacionada,EF03LP11,confirmada na planilha
EF03LP11,EF03LP03,relacionada,EF03LP11,confirmada na planilha
EF03LP11,EF03LP07,relacionada,EF03LP11,confirmada na planilha
EF03LP11,EF03LP08,relacionada,EF03LP11,confirmada na planilha
EF03LP11,EF03LP09,relacionada,EF03LP11,confirmada na planilha
EF03LP11,EF03LP16,relacionada,EF03LP11,confirmada na planilha
EF03LP11,EF03LP14,relacionada,EF03LP11,confirmada na planilha
EF03LP11,EF03LP16,mencao_comentario,EF03LP11,confirmada na planilha
EF03LP11,EF03LP08,mencao_comentario,EF03LP11,confirmada na planilha
EF03LP12,EF35LP03,relacionada,EF03LP12,confirmada na planilha
EF03LP12,EF35LP04,relacionada,EF03LP12,confirmada na planilha
EF03LP12,EF03LP01,relacionada,EF03LP12,confirmada na planilha
EF03LP12,EF03LP02,relacionada,EF03LP12,confirmada na planilha
EF03LP12,EF03LP03,relacionada,EF03LP12,confirmada na planilha
EF03LP12,EF03LP07,relacionada,EF03LP12,confirmada na planilha
EF03LP12,EF03LP08,relacionada,EF03LP12,confirmada na planilha
EF03LP12,EF03LP09,relacionada,EF03LP12,confirmada na planilha
EF03LP12,EF03LP17,relacionada,EF03LP12,confirmada na planilha
EF02LP13,EF03LP13,pre_requisito,EF03LP13,confirmada na planilha
EF03LP13,EF35LP07,relacionada,EF03LP13,confirmada na planilha
EF03LP13,EF35LP08,relacionada,EF03LP13,confirmada na planilha
EF03LP13,EF35LP09,relacionada,EF03LP13,confirmada na planilha
EF03LP13,EF35LP12,relacionada,EF03LP13,confirmada na planilha
EF03LP13,EF03LP12,relacionada,EF03LP13,confirmada na planilha
EF03LP13,EF03LP01,relacionada,EF03LP13,confirmada na planilha
EF03LP13,EF03LP02,relacionada,EF03LP13,confirmada na planilha
EF03LP13,EF03LP03,relacionada,EF03LP13,confirmada na planilha
EF03LP13,EF03LP04,relacionada,EF03LP13,confirmada na planilha
EF03LP13,EF03LP07,relacionada,EF03LP13,confirmada na planilha
EF03LP13,EF03LP17,relacionada,EF03LP13,confirmada na planilha
EF03LP13,EF03LP17,mencao_comentario,EF03LP13,confirmada na planilha
EF12LP06,EF03LP14,pre_requisito,EF03LP14,confirmada na planilha
EF03LP14,EF35LP07,relacionada,EF03LP14,confirmada na planilha
EF03LP14,EF35LP08,relacionada,EF03LP14,confirmada na planilha
EF03LP14,EF35LP09,relacionada,EF03LP14,confirmada na planilha
EF03LP14,EF35LP12,relacionada,EF03LP14,confirmada na planilha
EF03LP14,EF03LP01,relacionada,EF03LP14,confirmada na planilha
EF03LP14,EF03LP02,relacionada,EF03LP14,confirmada na planilha
EF03LP14,EF03LP03,relacionada,EF03LP14,confirmada na planilha
EF03LP14,EF03LP04,relacionada,EF03LP14,confirmada na planilha
EF03LP14,EF03LP07,relacionada,EF03LP14,confirmada na planilha
EF03LP14,EF03LP16,relacionada,EF03LP14,confirmada na planilha
EF12LP04,EF03LP15,pre_requisito,EF03LP15,confirmada na planilha
EF03LP15,EF15LP02,relacionada,EF03LP15,confirmada na planilha
EF03LP15,EF03LP11,relacionada,EF03LP15,confirmada na planilha
EF03LP15,EF03LP01,relacionada,EF03LP15,confirmada na planilha
EF03LP15,EF03LP02,relacionada,EF03LP15,confirmada na planilha
EF03LP15,EF03LP03,relacionada,EF03LP15,confirmada na planilha
EF03LP18,EF15LP02,relacionada,EF03LP18,confirmada na planilha
EF03LP18,EF35LP03,relacionada,EF03LP18,confirmada na planilha
EF03LP18,EF35LP04,relacionada,EF03LP18,confirmada na planilha
EF03LP18,EF03LP12,relacionada,EF03LP18,confirmada na planilha
EF03LP18,EF03LP01,relacionada,EF03LP18,confirmada na planilha
EF03LP18,EF03LP07,relacionada,EF03LP18,confirmada na planilha
EF03LP18,EF03LP08,relacionada,EF03LP18,confirmada na planilha
EF03LP18,EF03LP09,relacionada,EF03LP18,confirmada na planilha
EF03LP18,EF03LP17,relacionada,EF03LP18,confirmada na planilha
EF03LP18,EF03LP23,relacionada,EF03LP18,confirmada na planilha
EF03LP18,EF03LP23,mencao_comentario,EF03LP18,confirmada na planilha
EF03LP19,EF15LP02,relacionada,EF03LP19,confirmada na planilha
EF03LP19,EF15LP04,relacionada,EF03LP19,confirmada na planilha
EF03LP19,EF15LP18,relacionada,EF03LP19,confirmada na planilha
EF03LP19,EF03LP01,relacionada,EF03LP19,confirmada na planilha
EF03LP19,EF03LP02,relacionada,EF03LP19,confirmada na planilha
EF03LP19,EF03LP03,relacionada,EF03LP19,confirmada na planilha
EF03LP19,EF03LP04,relacionada,EF03LP19,confirmada na planilha
EF03LP20,EF35LP07,relacionada,EF03LP20,confirmada na planilha
EF03LP20,EF35LP08,relacionada,EF03LP20,confirmada na planilha
EF03LP20,EF35LP09,relacionada,EF03LP20,confirmada na planilha
EF03LP20,EF35LP15,relacionada,EF03LP20,confirmada na planilha
EF03LP20,EF03LP18,relacionada,EF03LP20,confirmada na planilha
EF03LP20,EF03LP01,relacionada,EF03LP20,confirmada na planilha
EF03LP20,EF03LP02,relacionada,EF03LP20,confirmada na planilha
EF03LP20,EF03LP03,relacionada,EF03LP20,confirmada na planilha
EF03LP20,EF03LP04,relacionada,EF03LP20,confirmada na planilha
EF03LP20,EF03LP07,relacionada,EF03LP20,confirmada na planilha
EF03LP20,EF03LP17,relacionada,EF03LP20,confirmada na planilha
EF03LP20,EF03LP23,relacionada,EF03LP20,confirmada na planilha
EF03LP20,EF03LP18,mencao_comentario,EF03LP20,confirmada na planilha
EF03LP21,EF03LP19,relacionada,EF03LP21,confirmada na planilha
EF03LP21,EF15LP04,relacionada,EF03LP21,confirmada na planilha
EF03LP21,EF15LP05,relacionada,EF03LP21,confirmada na planilha
EF03LP21,EF15LP06,relacionada,EF03LP21,confirmada na planilha
EF03LP21,EF03LP01,relacionada,EF03LP21,confirmada na planilha
EF03LP21,EF03LP02,relacionada,EF03LP21,confirmada na planilha
EF03LP21,EF03LP03,relacionada,EF03LP21,confirmada na planilha
EF03LP21,EF03LP04,relacionada,EF03LP21,confirmada na planilha
EF12LP11,EF03LP22,pre_requisito,EF03LP22,confirmada na planilha
EF03LP22,EF15LP05,relacionada,EF03LP22,confirmada na planilha
EF03LP22,EF35LP07,relacionada,EF03LP22,confirmada na planilha
EF03LP22,EF35LP08,relacionada,EF03LP22,confirmada na planilha
EF03LP22,EF35LP09,relacionada,EF03LP22,confirmada na planilha
EF03LP22,EF35LP12,relacionada,EF03LP22,confirmada na planilha
EF02LP25,EF03LP24,pre_requisito,EF03LP24,confirmada na planilha
EF03LP24,EF15LP10,relacionada,EF03LP24,confirmada na planilha
EF03LP24,EF35LP03,relacionada,EF03LP24,confirmada na planilha
EF03LP24,EF35LP04,relacionada,EF03LP24,confirmada na planilha
EF03LP24,EF15LP13,relacionada,EF03LP24,confirmada na planilha
EF03LP24,EF35LP12,relacionada,EF03LP24,confirmada na planilha
EF03LP24,EF03LP25,relacionada,EF03LP24,confirmada na planilha
EF03LP24,EF03LP09,relacionada,EF03LP24,confirmada na planilha
EF03LP24,EF03LP26,relacionada,EF03LP24,confirmada na planilha
EF03LP24,EF03LP26,mencao_comentario,EF03LP24,confirmada na planilha
EF03LP25,EF15LP02,relacionada,EF03LP25,confirmada na planilha
EF03LP25,EF15LP04,relacionada,EF03LP25,confirmada na planilha
EF03LP25,EF15LP05,relacionada,EF03LP25,confirmada na planilha
EF03LP25,EF15LP06,relacionada,EF03LP25,confirmada na planilha
EF03LP25,EF35LP07,relacionada,EF03LP25,confirmada na planilha
EF03LP25,EF35LP08,relacionada,EF03LP25,confirmada na planilha
EF03LP25,EF35LP09,relacionada,EF03LP25,confirmada na planilha
EF03LP25,EF03LP24,relacionada,EF03LP25,confirmada na planilha
EF03LP25,EF03LP26,relacionada,EF03LP25,confirmada na planilha
EF02LP15,EF03LP27,pre_requisito,EF03LP27,confirmada na planilha
EF03LP27,EF15LP12,relacionada,EF03LP27,confirmada na planilha
EF03LP27,EF35LP23,relacionada,EF03LP27,confirmada na planilha
EF03LP27,EF35LP27,relacionada,EF03LP27,confirmada na planilha
EF03LP27,EF35LP28,relacionada,EF03LP27,confirmada na planilha
EF03LP27,EF35LP31,relacionada,EF03LP27,confirmada na planilha
EF03LP27,EF15LP12,mencao_comentario,EF03LP27,confirmada na planilha
EF03LP27,EF35LP28,mencao_comentario,EF03LP27,confirmada na planilha
EF03LP27,EF35LP11,mencao_comentario,EF03LP27,confirmada na planilha
EF03LP11,EF04LP09,pre_requisito,EF04LP09,confirmada na planilha
EF04LP09,EF15LP02,relacionada,EF04LP09,confirmada na planilha
EF04LP09,EF15LP03,relacionada,EF04LP09,confirmada na planilha
EF04LP09,EF15LP04,relacionada,EF04LP09,confirmada na planilha
EF04LP09,EF35LP03,relacionada,EF04LP09,confirmada na planilha
EF04LP09,EF35LP04,relacionada,EF04LP09,confirmada na planilha
EF04LP09,EF04LP02,relacionada,EF04LP09,confirmada na planilha
EF03LP12,EF04LP10,pre_requisito,EF04LP10,confirmada na planilha
EF04LP10,EF15LP02,relacionada,EF04LP10,confirmada na planilha
EF04LP10,EF15LP03,relacionada,EF04LP10,confirmada na planilha
EF04LP10,EF15LP04,relacionada,EF04LP10,confirmada na planilha
EF04LP10,EF35LP03,relacionada,EF04LP10,confirmada na planilha
EF04LP10,EF35LP04,relacionada,EF04LP10,confirmada na planilha
EF04LP10,EF04LP05,relacionada,EF04LP10,confirmada na planilha
EF04LP10,EF04LP02,relacionada,EF04LP10,confirmada na planilha
EF04LP10,EF04LP03,relacionada,EF04LP10,confirmada na planilha
EF04LP10,EF04LP06,relacionada,EF04LP10,confirmada na planilha
EF04LP10,EF04LP07,relacionada,EF04LP10,confirmada na planilha
EF04LP10,EF04LP05,mencao_comentario,EF04LP10,confirmada na planilha
EF03LP18,EF04LP11,pre_requisito,EF04LP11,confirmada na planilha
EF04LP11,EF04LP05,relacionada,EF04LP11,confirmada na planilha
EF04LP11,EF15LP05,relacionada,EF04LP11,confirmada na planilha
EF04LP11,EF15LP06,relacionada,EF04LP11,confirmada na planilha
EF04LP11,EF15LP07,relacionada,EF04LP11,confirmada na planilha
EF04LP11,EF04LP01,relacionada,EF04LP11,confirmada na planilha
EF04LP11,EF04LP02,relacionada,EF04LP11,confirmada na planilha
EF04LP11,EF04LP06,relacionada,EF04LP11,confirmada na planilha
EF04LP11,EF04LP07,relacionada,EF04LP11,confirmada na planilha
EF04LP11,EF04LP10,relacionada,EF04LP11,confirmada na planilha
EF04LP11,EF04LP10,mencao_comentario,EF04LP11,confirmada na planilha
EF04LP11,EF04LP06,mencao_comentario,EF04LP11,confirmada na planilha
EF04LP11,EF04LP07,mencao_comentario,EF04LP11,confirmada na planilha
EF03LP15,EF04LP12,pre_requisito,EF04LP12,confirmada na planilha
EF04LP12,EF04LP05,relacionada,EF04LP12,confirmada na planilha
EF04LP12,EF15LP05,relacionada,EF04LP12,confirmada na planilha
EF04LP12,EF15LP06,relacionada,EF04LP12,confirmada na planilha
EF04LP12,EF15LP07,relacionada,EF04LP12,confirmada na planilha
EF04LP12,EF15LP09,relacionada,EF04LP12,confirmada na planilha
EF04LP12,EF15LP13,relacionada,EF04LP12,confirmada na planilha
EF04LP12,EF04LP13,relacionada,EF04LP12,confirmada na planilha
EF04LP12,EF04LP13,mencao_comentario,EF04LP12,confirmada na planilha
EF03LP11,EF04LP13,pre_requisito,EF04LP13,confirmada na planilha
EF04LP13,EF04LP05,relacionada,EF04LP13,confirmada na planilha
EF04LP13,EF15LP02,relacionada,EF04LP13,confirmada na planilha
EF04LP13,EF15LP03,relacionada,EF04LP13,confirmada na planilha
EF04LP13,EF15LP04,relacionada,EF04LP13,confirmada na planilha
EF04LP13,EF04LP12,relacionada,EF04LP13,confirmada na planilha
EF03LP18,EF04LP14,pre_requisito,EF04LP14,confirmada na planilha
EF04LP14,EF15LP02,relacionada,EF04LP14,confirmada na planilha
EF04LP14,EF15LP03,relacionada,EF04LP14,confirmada na planilha
EF04LP14,EF04LP15,relacionada,EF04LP14,confirmada na planilha
EF03LP19,EF04LP15,pre_requisito,EF04LP15,confirmada na planilha
EF04LP15,EF15LP02,relacionada,EF04LP15,confirmada na planilha
EF04LP15,EF15LP03,relacionada,EF04LP15,confirmada na planilha
EF04LP15,EF15LP04,relacionada,EF04LP15,confirmada na planilha
EF04LP15,EF35LP03,relacionada,EF04LP15,confirmada na planilha
EF04LP15,EF35LP04,relacionada,EF04LP15,confirmada na planilha
EF04LP15,EF04LP14,relacionada,EF04LP15,confirmada na planilha
EF04LP15,EF04LP14,mencao_comentario,EF04LP15,confirmada na planilha
EF03LP18,EF04LP16,pre_requisito,EF04LP16,confirmada na planilha
EF04LP16,EF04LP05,relacionada,EF04LP16,confirmada na planilha
EF04LP16,EF15LP05,relacionada,EF04LP16,confirmada na planilha
EF04LP16,EF04LP01,relacionada,EF04LP16,confirmada na planilha
EF04LP16,EF04LP02,relacionada,EF04LP16,confirmada na planilha
EF04LP16,EF04LP06,relacionada,EF04LP16,confirmada na planilha
EF04LP16,EF04LP07,relacionada,EF04LP16,confirmada na planilha
EF04LP16,EF04LP14,relacionada,EF04LP16,confirmada na planilha
EF04LP16,EF04LP15,relacionada,EF04LP16,confirmada na planilha
EF04LP16,EF04LP14,mencao_comentario,EF04LP16,confirmada na planilha
EF04LP16,EF04LP15,mencao_comentario,EF04LP16,confirmada na planilha
EF04LP16,EF04LP02,mencao_comentario,EF04LP16,confirmada na planilha
EF04LP16,EF04LP04,mencao_comentario,EF04LP16,confirmada na planilha
EF03LP22,EF04LP17,pre_requisito,EF04LP17,confirmada na planilha
EF04LP17,EF04LP05,relacionada,EF04LP17,confirmada na planilha
EF04LP17,EF15LP05,relacionada,EF04LP17,confirmada na planilha
EF04LP17,EF15LP06,relacionada,EF04LP17,confirmada na planilha
EF04LP17,EF15LP07,relacionada,EF04LP17,confirmada na planilha
EF04LP17,EF15LP09,relacionada,EF04LP17,confirmada na planilha
EF04LP17,EF15LP13,relacionada,EF04LP17,confirmada na planilha
EF04LP17,EF04LP16,relacionada,EF04LP17,confirmada na planilha
EF04LP17,EF04LP18,mencao_comentario,EF04LP17,confirmada na planilha
EF03LP24,EF04LP19,pre_requisito,EF04LP19,confirmada na planilha
EF04LP19,EF04LP05,relacionada,EF04LP19,confirmada na planilha
EF04LP19,EF15LP02,relacionada,EF04LP19,confirmada na planilha
EF04LP19,EF15LP03,relacionada,EF04LP19,confirmada na planilha
EF04LP19,EF15LP04,relacionada,EF04LP19,confirmada na planilha
EF04LP19,EF35LP03,relacionada,EF04LP19,confirmada na planilha
EF04LP19,EF35LP04,relacionada,EF04LP19,confirmada na planilha
EF04LP19,EF35LP12,relacionada,EF04LP19,confirmada na planilha
EF04LP19,EF04LP03,relacionada,EF04LP19,confirmada na planilha
EF04LP19,EF04LP06,relacionada,EF04LP19,confirmada na planilha
EF04LP19,EF04LP07,relacionada,EF04LP19,confirmada na planilha
EF04LP19,EF04LP24,relacionada,EF04LP19,confirmada na planilha
EF04LP19,EF04LP03,mencao_comentario,EF04LP19,confirmada na planilha
EF04LP20,EF15LP02,relacionada,EF04LP20,confirmada na planilha
EF04LP20,EF15LP03,relacionada,EF04LP20,confirmada na planilha
EF04LP20,EF15LP04,relacionada,EF04LP20,confirmada na planilha
EF04LP20,EF04LP19,relacionada,EF04LP20,confirmada na planilha
EF04LP20,EF04LP01,relacionada,EF04LP20,confirmada na planilha
EF04LP20,EF04LP24,relacionada,EF04LP20,confirmada na planilha
EF04LP20,EF04LP24,mencao_comentario,EF04LP20,confirmada na planilha
EF04LP20,EF04LP19,mencao_comentario,EF04LP20,confirmada na planilha
EF03LP24,EF04LP21,pre_requisito,EF04LP21,confirmada na planilha
EF04LP21,EF04LP20,relacionada,EF04LP21,confirmada na planilha
EF04LP21,EF04LP24,relacionada,EF04LP21,confirmada na planilha
EF04LP21,EF04LP20,mencao_comentario,EF04LP21,confirmada na planilha
EF04LP21,EF04LP24,mencao_comentario,EF04LP21,confirmada na planilha
EF02LP25,EF04LP22,pre_requisito,EF04LP22,confirmada na planilha
EF04LP22,EF15LP05,relacionada,EF04LP22,confirmada na planilha
EF04LP22,EF15LP06,relacionada,EF04LP22,confirmada na planilha
EF04LP22,EF15LP07,relacionada,EF04LP22,confirmada na planilha
EF04LP22,EF04LP03,relacionada,EF04LP22,confirmada na planilha
EF04LP22,EF04LP23,relacionada,EF04LP22,confirmada na planilha
EF04LP22,EF04LP23,mencao_comentario,EF04LP22,confirmada na planilha
EF35LP30,EF04LP25,pre_requisito,EF04LP25,confirmada na planilha
EF04LP25,EF04LP05,relacionada,EF04LP25,confirmada na planilha
EF04LP25,EF35LP24,relacionada,EF04LP25,confirmada na planilha
EF04LP25,EF35LP30,relacionada,EF04LP25,confirmada na planilha
EF04LP25,EF04LP27,relacionada,EF04LP25,confirmada na planilha
EF04LP25,EF04LP01,relacionada,EF04LP25,confirmada na planilha
EF04LP25,EF04LP06,relacionada,EF04LP25,confirmada na planilha
EF04LP25,EF04LP27,mencao_comentario,EF04LP25,confirmada na planilha
EF04LP25,EF35LP30,mencao_comentario,EF04LP25,confirmada na planilha
EF04LP27,EF35LP21,relacionada,EF04LP27,confirmada na planilha
EF04LP27,EF35LP22,relacionada,EF04LP27,confirmada na planilha
EF04LP27,EF35LP30,relacionada,EF04LP27,confirmada na planilha
EF04LP27,EF04LP05,relacionada,EF04LP27,confirmada na planilha
EF04LP27,EF35LP24,relacionada,EF04LP27,confirmada na planilha
EF04LP27,EF35LP26,relacionada,EF04LP27,confirmada na planilha
EF04LP27,EF04LP05,mencao_comentario,EF04LP27,confirmada na planilha
EF04LP27,EF35LP30,mencao_comentario,EF04LP27,confirmada na planilha
EF03LP11,EF05LP09,pre_requisito,EF05LP09,confirmada na planilha
EF05LP09,EF05LP12,relacionada,EF05LP09,confirmada na planilha
EF05LP09,EF15LP02,relacionada,EF05LP09,confirmada na planilha
EF05LP09,EF15LP03,relacionada,EF05LP09,confirmada na planilha
EF05LP09,EF15LP04,relacionada,EF05LP09,confirmada na planilha
EF05LP09,EF05LP04,relacionada,EF05LP09,confirmada na planilha
EF05LP09,EF05LP12,mencao_comentario,EF05LP09,confirmada na planilha
EF03LP12,EF05LP12,pre_requisito,EF05LP12,confirmada na planilha
EF05LP12,EF15LP05,relacionada,EF05LP12,confirmada na planilha
EF05LP12,EF15LP06,relacionada,EF05LP12,confirmada na planilha
EF05LP12,EF15LP07,relacionada,EF05LP12,confirmada na planilha
EF05LP12,EF35LP09,relacionada,EF05LP12,confirmada na planilha
EF05LP12,EF05LP01,relacionada,EF05LP12,confirmada na planilha
EF05LP12,EF05LP04,relacionada,EF05LP12,confirmada na planilha
EF05LP12,EF05LP06,relacionada,EF05LP12,confirmada na planilha
EF05LP12,EF05LP26,relacionada,EF05LP12,confirmada na planilha
EF05LP12,EF05LP27,relacionada,EF05LP12,confirmada na planilha
EF05LP12,EF05LP09,relacionada,EF05LP12,confirmada na planilha
EF05LP12,EF05LP09,mencao_comentario,EF05LP12,confirmada na planilha
EF05LP12,EF05LP06,mencao_comentario,EF05LP12,confirmada na planilha
EF05LP10,EF15LP02,relacionada,EF05LP10,confirmada na planilha
EF05LP10,EF15LP03,relacionada,EF05LP10,confirmada na planilha
EF05LP10,EF15LP04,relacionada,EF05LP10,confirmada na planilha
EF05LP10,EF35LP09,relacionada,EF05LP10,confirmada na planilha
EF05LP10,EF05LP11,relacionada,EF05LP10,confirmada na planilha
EF05LP10,EF05LP04,relacionada,EF05LP10,confirmada na planilha
EF05LP11,EF05LP10,relacionada,EF05LP11,confirmada na planilha
EF05LP11,EF05LP01,relacionada,EF05LP11,confirmada na planilha
EF05LP11,EF05LP03,relacionada,EF05LP11,confirmada na planilha
EF05LP11,EF05LP04,relacionada,EF05LP11,confirmada na planilha
EF05LP11,EF05LP26,relacionada,EF05LP11,confirmada na planilha
EF05LP11,EF05LP27,relacionada,EF05LP11,confirmada na planilha
EF05LP11,EF05LP10,mencao_comentario,EF05LP11,confirmada na planilha
EF05LP11,EF05LP01,mencao_comentario,EF05LP11,confirmada na planilha
EF05LP11,EF05LP03,mencao_comentario,EF05LP11,confirmada na planilha
EF04LP12,EF05LP13,pre_requisito,EF05LP13,confirmada na planilha
EF05LP13,EF05LP13,relacionada,EF05LP13,confirmada na planilha
EF05LP13,EF05LP18,relacionada,EF05LP13,confirmada na planilha
EF05LP13,EF05LP14,relacionada,EF05LP13,confirmada na planilha
EF05LP13,EF05LP20,relacionada,EF05LP13,confirmada na planilha
EF05LP13,EF05LP20,mencao_comentario,EF05LP13,confirmada na planilha
EF05LP14,EF15LP02,relacionada,EF05LP14,confirmada na planilha
EF05LP14,EF15LP03,relacionada,EF05LP14,confirmada na planilha
EF05LP14,EF15LP04,relacionada,EF05LP14,confirmada na planilha
EF05LP14,EF05LP13,relacionada,EF05LP14,confirmada na planilha
EF05LP14,EF05LP05,relacionada,EF05LP14,confirmada na planilha
EF05LP14,EF05LP07,relacionada,EF05LP14,confirmada na planilha
EF05LP14,EF05LP13,mencao_comentario,EF05LP14,confirmada na planilha
EF04LP14,EF05LP15,pre_requisito,EF05LP15,confirmada na planilha
EF05LP15,EF15LP02,relacionada,EF05LP15,confirmada na planilha
EF05LP15,EF15LP04,relacionada,EF05LP15,confirmada na planilha
EF05LP15,EF15LP10,relacionada,EF05LP15,confirmada na planilha
EF05LP15,EF05LP16,relacionada,EF05LP15,confirmada na planilha
EF05LP15,EF05LP05,relacionada,EF05LP15,confirmada na planilha
EF05LP15,EF05LP07,relacionada,EF05LP15,confirmada na planilha
EF05LP15,EF05LP20,relacionada,EF05LP15,confirmada na planilha
EF04LP15,EF05LP16,pre_requisito,EF05LP16,confirmada na planilha
EF05LP16,EF15LP02,relacionada,EF05LP16,confirmada na planilha
EF05LP16,EF05LP15,relacionada,EF05LP16,confirmada na planilha
EF05LP16,EF05LP15,mencao_comentario,EF05LP16,confirmada na planilha
EF03LP22,EF05LP17,pre_requisito,EF05LP17,confirmada na planilha
EF04LP16,EF05LP17,pre_requisito,EF05LP17,confirmada na planilha
EF05LP17,EF05LP15,relacionada,EF05LP17,confirmada na planilha
EF05LP17,EF15LP05,relacionada,EF05LP17,confirmada na planilha
EF05LP17,EF15LP06,relacionada,EF05LP17,confirmada na planilha
EF05LP17,EF15LP07,relacionada,EF05LP17,confirmada na planilha
EF05LP17,EF05LP01,relacionada,EF05LP17,confirmada na planilha
EF05LP17,EF05LP03,relacionada,EF05LP17,confirmada na planilha
EF05LP17,EF05LP06,relacionada,EF05LP17,confirmada na planilha
EF05LP17,EF05LP26,relacionada,EF05LP17,confirmada na planilha
EF05LP17,EF05LP27,relacionada,EF05LP17,confirmada na planilha
EF05LP19,EF35LP15,relacionada,EF05LP19,confirmada na planilha
EF05LP19,EF05LP06,relacionada,EF05LP19,confirmada na planilha
EF05LP19,EF05LP20,relacionada,EF05LP19,confirmada na planilha
EF04LP19,EF05LP22,pre_requisito,EF05LP22,confirmada na planilha
EF05LP22,EF05LP25,relacionada,EF05LP22,confirmada na planilha
EF05LP22,EF15LP02,relacionada,EF05LP22,confirmada na planilha
EF05LP22,EF15LP03,relacionada,EF05LP22,confirmada na planilha
EF05LP22,EF35LP12,relacionada,EF05LP22,confirmada na planilha
EF05LP22,EF05LP02,relacionada,EF05LP22,confirmada na planilha
EF05LP22,EF05LP08,mencao_comentario,EF05LP22,confirmada na planilha
EF05LP22,EF05LP02,mencao_comentario,EF05LP22,confirmada na planilha
EF04LP22,EF05LP25,pre_requisito,EF05LP25,confirmada na planilha
EF05LP25,EF15LP05,relacionada,EF05LP25,confirmada na planilha
EF05LP25,EF15LP06,relacionada,EF05LP25,confirmada na planilha
EF05LP25,EF15LP07,relacionada,EF05LP25,confirmada na planilha
EF05LP25,EF05LP22,relacionada,EF05LP25,confirmada na planilha
EF05LP25,EF05LP01,relacionada,EF05LP25,confirmada na planilha
EF05LP25,EF05LP03,relacionada,EF05LP25,confirmada na planilha
EF05LP25,EF05LP06,relacionada,EF05LP25,confirmada na planilha
EF05LP25,EF05LP26,relacionada,EF05LP25,confirmada na planilha
EF05LP25,EF05LP27,relacionada,EF05LP25,confirmada na planilha
EF05LP25,EF05LP22,mencao_comentario,EF05LP25,confirmada na planilha
EF05LP25,EF05LP01,mencao_comentario,EF05LP25,confirmada na planilha
EF05LP25,EF05LP06,mencao_comentario,EF05LP25,confirmada na planilha
EF04LP21,EF05LP24,pre_requisito,EF05LP24,confirmada na planilha
EF05LP24,EF05LP01,relacionada,EF05LP24,confirmada na planilha
EF05LP24,EF05LP03,relacionada,EF05LP24,confirmada na planilha
EF05LP24,EF05LP23,relacionada,EF05LP24,confirmada na planilha
EF05LP24,EF05LP26,relacionada,EF05LP24,confirmada na planilha
EF05LP24,EF05LP27,relacionada,EF05LP24,confirmada na planilha
EF05LP24,EF15LP04,relacionada,EF05LP24,confirmada na planilha
EF05LP24,EF15LP05,relacionada,EF05LP24,confirmada na planilha
EF05LP24,EF15LP06,relacionada,EF05LP24,confirmada na planilha
EF05LP24,EF15LP07,relacionada,EF05LP24,confirmada na planilha
EF05LP24,EF05LP23,mencao_comentario,EF05LP24,confirmada na planilha
EF03LP18,EF06LP01,pre_requisito,EF06LP01,confirmada na planilha
EF04LP14,EF06LP01,pre_requisito,EF06LP01,confirmada na planilha
EF06LP01,EF69LP03,relacionada,EF06LP01,confirmada na planilha
EF06LP01,EF69LP17,relacionada,EF06LP01,confirmada na planilha
EF06LP01,EF69LP16,relacionada,EF06LP01,confirmada na planilha
EF06LP01,EF06LP02,relacionada,EF06LP01,confirmada na planilha
EF06LP01,EF06LP03,relacionada,EF06LP01,confirmada na planilha
EF06LP01,EF06LP04,relacionada,EF06LP01,confirmada na planilha
EF06LP01,EF06LP05,relacionada,EF06LP01,confirmada na planilha
EF06LP01,EF06LP07,relacionada,EF06LP01,confirmada na planilha
EF06LP01,EF06LP10,relacionada,EF06LP01,confirmada na planilha
EF06LP01,EF67LP37,relacionada,EF06LP01,confirmada na planilha
EF06LP01,EF69LP31,relacionada,EF06LP01,confirmada na planilha
EF06LP01,EF06LP03,mencao_comentario,EF06LP01,confirmada na planilha
EF06LP01,EF06LP05,mencao_comentario,EF06LP01,confirmada na planilha
EF03LP18,EF06LP02,pre_requisito,EF06LP02,confirmada na planilha
EF04LP14,EF06LP02,pre_requisito,EF06LP02,confirmada na planilha
EF06LP02,EF69LP05,relacionada,EF06LP02,confirmada na planilha
EF06LP02,EF69LP16,relacionada,EF06LP02,confirmada na planilha
EF06LP02,EF69LP17,relacionada,EF06LP02,confirmada na planilha
EF06LP02,EF67LP06,relacionada,EF06LP02,confirmada na planilha
EF06LP02,EF67LP02,relacionada,EF06LP02,confirmada na planilha
EF06LP02,EF67LP03,relacionada,EF06LP02,confirmada na planilha
EF06LP02,EF67LP04,relacionada,EF06LP02,confirmada na planilha
EF06LP02,EF67LP05,relacionada,EF06LP02,confirmada na planilha
EF06LP02,EF67LP07,relacionada,EF06LP02,confirmada na planilha
EF06LP02,EF67LP08,relacionada,EF06LP02,confirmada na planilha
EF06LP02,EF06LP03,relacionada,EF06LP02,confirmada na planilha
EF06LP02,EF06LP04,relacionada,EF06LP02,confirmada na planilha
EF06LP02,EF06LP05,relacionada,EF06LP02,confirmada na planilha
EF06LP02,EF06LP07,relacionada,EF06LP02,confirmada na planilha
EF06LP02,EF69LP31,relacionada,EF06LP02,confirmada na planilha
EF06LP01,EF67LP01,pre_requisito,EF67LP01; EF67LP01,confirmada na planilha
EF06LP02,EF67LP01,pre_requisito,EF67LP01; EF67LP01,confirmada na planilha
EF67LP01,EF69LP05,relacionada,EF67LP01; EF67LP01,confirmada na planilha
EF67LP01,EF69LP16,relacionada,EF67LP01; EF67LP01,confirmada na planilha
EF67LP01,EF69LP17,relacionada,EF67LP01; EF67LP01,confirmada na planilha
EF67LP01,EF67LP02,relacionada,EF67LP01; EF67LP01,confirmada na planilha
EF67LP01,EF67LP03,relacionada,EF67LP01; EF67LP01,confirmada na planilha
EF67LP01,EF67LP04,relacionada,EF67LP01,confirmada na planilha
EF67LP01,EF67LP05,relacionada,EF67LP01,confirmada na planilha
EF67LP01,EF67LP07,relacionada,EF67LP01,confirmada na planilha
EF67LP01,EF67LP08,relacionada,EF67LP01,confirmada na planilha
EF67LP01,EF06LP03,relacionada,EF67LP01,confirmada na planilha
EF67LP01,EF06LP04,relacionada,EF67LP01,confirmada na planilha
EF67LP01,EF06LP05,relacionada,EF67LP01,confirmada na planilha
EF67LP01,EF67LP26,relacionada,EF67LP01; EF67LP01,confirmada na planilha
EF67LP01,EF06LP03,mencao_comentario,EF67LP01,confirmada na planilha
EF67LP01,EF06LP04,mencao_comentario,EF67LP01,confirmada na planilha
EF67LP01,EF06LP05,mencao_comentario,EF67LP01,confirmada na planilha
EF05LP15,EF67LP02,pre_requisito,EF67LP02,confirmada na planilha
EF05LP19,EF67LP02,pre_requisito,EF67LP02,confirmada na planilha
EF67LP02,EF69LP05,relacionada,EF67LP02; EF67LP02,confirmada na planilha
EF67LP02,EF69LP17,relacionada,EF67LP02; EF67LP02,confirmada na planilha
EF67LP02,EF06LP01,relacionada,EF67LP02,confirmada na planilha
EF67LP02,EF06LP02,relacionada,EF67LP02,confirmada na planilha
EF67LP02,EF67LP03,relacionada,EF67LP02; EF67LP02,confirmada na planilha
EF67LP02,EF67LP04,relacionada,EF67LP02; EF67LP02,confirmada na planilha
EF67LP02,EF67LP05,relacionada,EF67LP02; EF67LP02,confirmada na planilha
EF67LP02,EF67LP06,relacionada,EF67LP02,confirmada na planilha
EF67LP02,EF67LP07,relacionada,EF67LP02; EF67LP02,confirmada na planilha
EF67LP02,EF67LP08,relacionada,EF67LP02; EF67LP02,confirmada na planilha
EF67LP02,EF06LP03,relacionada,EF67LP02,confirmada na planilha
EF67LP02,EF06LP04,relacionada,EF67LP02,confirmada na planilha
EF67LP02,EF06LP07,relacionada,EF67LP02,confirmada na planilha
EF67LP02,EF06LP07,mencao_comentario,EF67LP02,confirmada na planilha
EF67LP02,EF67LP09,mencao_comentario,EF67LP02,confirmada na planilha
EF67LP02,EF67LP10,mencao_comentario,EF67LP02,confirmada na planilha
EF04LP14,EF67LP03,pre_requisito,EF67LP03,confirmada na planilha
EF04LP15,EF67LP03,pre_requisito,EF67LP03,confirmada na planilha
EF67LP03,EF69LP05,relacionada,EF67LP03; EF67LP03,confirmada na planilha
EF67LP03,EF67LP06,relacionada,EF67LP03,confirmada na planilha
EF67LP03,EF06LP01,relacionada,EF67LP03,confirmada na planilha
EF67LP03,EF06LP02,relacionada,EF67LP03,confirmada na planilha
EF67LP03,EF67LP02,relacionada,EF67LP03,confirmada na planilha
EF67LP03,EF67LP04,relacionada,EF67LP03,confirmada na planilha
EF67LP03,EF67LP05,relacionada,EF67LP03,confirmada na planilha
EF67LP03,EF67LP07,relacionada,EF67LP03,confirmada na planilha
EF67LP03,EF67LP08,relacionada,EF67LP03,confirmada na planilha
EF67LP03,EF06LP03,relacionada,EF67LP03,confirmada na planilha
EF67LP03,EF06LP04,relacionada,EF67LP03,confirmada na planilha
EF67LP03,EF06LP05,relacionada,EF67LP03,confirmada na planilha
EF67LP03,EF06LP08,relacionada,EF67LP03,confirmada na planilha
EF67LP03,EF06LP10,relacionada,EF67LP03,confirmada na planilha
EF67LP03,EF69LP31,relacionada,EF67LP03; EF67LP03,confirmada na planilha
EF67LP03,EF06LP01,mencao_comentario,EF67LP03,confirmada na planilha
EF04LP15,EF67LP04,pre_requisito,EF67LP04,confirmada na planilha
EF67LP04,EF69LP03,relacionada,EF67LP04,confirmada na planilha
EF67LP04,EF67LP06,relacionada,EF67LP04; EF67LP04,confirmada na planilha
EF67LP04,EF06LP01,relacionada,EF67LP04,confirmada na planilha
EF67LP04,EF06LP02,relacionada,EF67LP04,confirmada na planilha
EF67LP04,EF67LP02,relacionada,EF67LP04; EF67LP04,confirmada na planilha
EF67LP04,EF67LP03,relacionada,EF67LP04; EF67LP04,confirmada na planilha
EF67LP04,EF67LP05,relacionada,EF67LP04; EF67LP04,confirmada na planilha
EF67LP04,EF67LP07,relacionada,EF67LP04; EF67LP04,confirmada na planilha
EF67LP04,EF67LP08,relacionada,EF67LP04; EF67LP04,confirmada na planilha
EF67LP04,EF06LP03,relacionada,EF67LP04,confirmada na planilha
EF67LP04,EF06LP04,relacionada,EF67LP04,confirmada na planilha
EF67LP04,EF06LP05,relacionada,EF67LP04,confirmada na planilha
EF67LP04,EF06LP09,relacionada,EF67LP04,confirmada na planilha
EF67LP04,EF69LP31,relacionada,EF67LP04; EF67LP04,confirmada na planilha
EF67LP04,EF06LP04,mencao_comentario,EF67LP04,confirmada na planilha
EF67LP04,EF06LP05,mencao_comentario,EF67LP04,confirmada na planilha
EF05LP20,EF67LP05,pre_requisito,EF67LP05,confirmada na planilha
EF67LP05,EF69LP03,relacionada,EF67LP05; EF67LP05,confirmada na planilha
EF67LP05,EF69LP32,relacionada,EF67LP05; EF67LP05,confirmada na planilha
EF67LP05,EF06LP01,relacionada,EF67LP05,confirmada na planilha
EF67LP05,EF06LP02,relacionada,EF67LP05,confirmada na planilha
EF67LP05,EF67LP06,relacionada,EF67LP05,confirmada na planilha
EF67LP05,EF67LP02,relacionada,EF67LP05; EF67LP05,confirmada na planilha
EF67LP05,EF67LP03,relacionada,EF67LP05; EF67LP05,confirmada na planilha
EF67LP05,EF67LP04,relacionada,EF67LP05; EF67LP05,confirmada na planilha
EF67LP05,EF67LP07,relacionada,EF67LP05; EF67LP05,confirmada na planilha
EF67LP05,EF67LP08,relacionada,EF67LP05; EF67LP05,confirmada na planilha
EF67LP05,EF06LP03,relacionada,EF67LP05,confirmada na planilha
EF67LP05,EF06LP04,relacionada,EF67LP05,confirmada na planilha
EF67LP05,EF06LP05,relacionada,EF67LP05,confirmada na planilha
EF67LP05,EF06LP10,relacionada,EF67LP05,confirmada na planilha
EF67LP05,EF69LP31,relacionada,EF67LP05; EF67LP05,confirmada na planilha
EF35LP05,EF67LP06,pre_requisito,EF67LP06,confirmada na planilha
EF35LP06,EF67LP06,pre_requisito,EF67LP06,confirmada na planilha
EF67LP06,EF69LP03,relacionada,EF67LP06; EF67LP06,confirmada na planilha
EF67LP06,EF69LP32,relacionada,EF67LP06; EF67LP06,confirmada na planilha
EF67LP06,EF06LP01,relacionada,EF67LP06,confirmada na planilha
EF67LP06,EF06LP02,relacionada,EF67LP06,confirmada na planilha
EF67LP06,EF67LP02,relacionada,EF67LP06; EF67LP06,confirmada na planilha
EF67LP06,EF67LP03,relacionada,EF67LP06; EF67LP06,confirmada na planilha
EF67LP06,EF67LP04,relacionada,EF67LP06; EF67LP06,confirmada na planilha
EF67LP06,EF67LP05,relacionada,EF67LP06; EF67LP06,confirmada na planilha
EF67LP06,EF67LP07,relacionada,EF67LP06; EF67LP06,confirmada na planilha
EF67LP06,EF67LP08,relacionada,EF67LP06; EF67LP06,confirmada na planilha
EF67LP06,EF06LP03,relacionada,EF67LP06,confirmada na planilha
EF67LP06,EF06LP04,relacionada,EF67LP06,confirmada na planilha
EF67LP06,EF06LP05,relacionada,EF67LP06,confirmada na planilha
EF67LP06,EF06LP10,relacionada,EF67LP06,confirmada na planilha
EF67LP06,EF69LP31,relacionada,EF67LP06; EF67LP06,confirmada na planilha
EF67LP06,EF67LP03,mencao_comentario,EF67LP06; EF67LP06,confirmada na planilha
EF67LP06,EF06LP03,mencao_comentario,EF67LP06,confirmada na planilha
EF67LP06,EF06LP04,mencao_comentario,EF67LP06,confirmada na planilha
EF67LP06,EF06LP05,mencao_comentario,EF67LP06,confirmada na planilha
EF05LP19,EF67LP07,pre_requisito,EF67LP07,confirmada na planilha
EF67LP07,EF69LP32,relacionada,EF67LP07; EF67LP07,confirmada na planilha
EF67LP07,EF67LP06,relacionada,EF67LP07,confirmada na planilha
EF67LP07,EF06LP01,relacionada,EF67LP07,confirmada na planilha
EF67LP07,EF06LP02,relacionada,EF67LP07,confirmada na planilha
EF67LP07,EF67LP02,relacionada,EF67LP07; EF67LP07,confirmada na planilha
EF67LP07,EF67LP03,relacionada,EF67LP07; EF67LP07,confirmada na planilha
EF67LP07,EF67LP04,relacionada,EF67LP07; EF67LP07,confirmada na planilha
EF67LP07,EF67LP05,relacionada,EF67LP07; EF67LP07,confirmada na planilha
EF67LP07,EF67LP08,relacionada,EF67LP07; EF67LP07,confirmada na planilha
EF67LP07,EF06LP03,relacionada,EF67LP07,confirmada na planilha
EF67LP07,EF06LP04,relacionada,EF67LP07,confirmada na planilha
EF67LP07,EF06LP10,relacionada,EF67LP07,confirmada na planilha
EF67LP07,EF06LP11,relacionada,EF67LP07,confirmada na planilha
EF67LP07,EF67LP38,relacionada,EF67LP07,confirmada na planilha
EF67LP07,EF69LP31,relacionada,EF67LP07; EF67LP07,confirmada na planilha
EF03LP19,EF67LP08,pre_requisito,EF67LP08,confirmada na planilha
EF67LP08,EF69LP02,relacionada,EF67LP08; EF67LP08,confirmada na planilha
EF67LP08,EF69LP04,relacionada,EF67LP08; EF67LP08,confirmada na planilha
EF67LP08,EF69LP05,relacionada,EF67LP08; EF67LP08,confirmada na planilha
EF67LP08,EF69LP32,relacionada,EF67LP08; EF67LP08,confirmada na planilha
EF67LP08,EF67LP06,relacionada,EF67LP08,confirmada na planilha
EF67LP08,EF06LP01,relacionada,EF67LP08,confirmada na planilha
EF67LP08,EF06LP02,relacionada,EF67LP08,confirmada na planilha
EF67LP08,EF67LP02,relacionada,EF67LP08,confirmada na planilha
EF67LP08,EF67LP03,relacionada,EF67LP08; EF67LP08,confirmada na planilha
EF67LP08,EF67LP04,relacionada,EF67LP08; EF67LP08,confirmada na planilha
EF67LP08,EF67LP05,relacionada,EF67LP08; EF67LP08,confirmada na planilha
EF67LP08,EF67LP07,relacionada,EF67LP08,confirmada na planilha
EF67LP08,EF06LP03,relacionada,EF67LP08,confirmada na planilha
EF67LP08,EF06LP04,relacionada,EF67LP08,confirmada na planilha
EF67LP08,EF06LP12,relacionada,EF67LP08,confirmada na planilha
EF67LP08,EF67LP37,relacionada,EF67LP08,confirmada na planilha
EF67LP08,EF67LP38,relacionada,EF67LP08,confirmada na planilha
EF67LP08,EF69LP31,relacionada,EF67LP08; EF67LP08,confirmada na planilha
EF04LP16,EF67LP09,pre_requisito,EF67LP09,confirmada na planilha
EF67LP09,EF69LP06,relacionada,EF67LP09; EF67LP09,confirmada na planilha
EF67LP09,EF06LP01,relacionada,EF67LP09,confirmada na planilha
EF67LP09,EF06LP02,relacionada,EF67LP09,confirmada na planilha
EF67LP09,EF67LP02,relacionada,EF67LP09; EF67LP09,confirmada na planilha
EF67LP09,EF67LP03,relacionada,EF67LP09; EF67LP09,confirmada na planilha
EF67LP09,EF67LP04,relacionada,EF67LP09; EF67LP09,confirmada na planilha
EF67LP09,EF67LP05,relacionada,EF67LP09; EF67LP09,confirmada na planilha
EF67LP09,EF67LP07,relacionada,EF67LP09; EF67LP09,confirmada na planilha
EF67LP09,EF67LP08,relacionada,EF67LP09,confirmada na planilha
EF67LP09,EF67LP10,relacionada,EF67LP09; EF67LP09,confirmada na planilha
EF67LP09,EF06LP03,relacionada,EF67LP09,confirmada na planilha
EF67LP09,EF06LP04,relacionada,EF67LP09,confirmada na planilha
EF67LP09,EF06LP05,relacionada,EF67LP09,confirmada na planilha
EF67LP09,EF67LP32,relacionada,EF67LP09; EF67LP09,confirmada na planilha
EF67LP09,EF67LP33,relacionada,EF67LP09; EF67LP09,confirmada na planilha
EF67LP09,EF67LP36,relacionada,EF67LP09; EF67LP09,confirmada na planilha
EF35LP16,EF67LP10,pre_requisito,EF67LP10,confirmada na planilha
EF67LP10,EF69LP10,relacionada,EF67LP10; EF67LP10,confirmada na planilha
EF67LP10,EF69LP08,relacionada,EF67LP10; EF67LP10,confirmada na planilha
EF67LP10,EF06LP01,relacionada,EF67LP10,confirmada na planilha
EF67LP10,EF06LP02,relacionada,EF67LP10,confirmada na planilha
EF67LP10,EF67LP02,relacionada,EF67LP10; EF67LP10,confirmada na planilha
EF67LP10,EF67LP03,relacionada,EF67LP10; EF67LP10,confirmada na planilha
EF67LP10,EF67LP04,relacionada,EF67LP10; EF67LP10,confirmada na planilha
EF67LP10,EF67LP05,relacionada,EF67LP10; EF67LP10,confirmada na planilha
EF67LP10,EF67LP07,relacionada,EF67LP10; EF67LP10,confirmada na planilha
EF67LP10,EF67LP08,relacionada,EF67LP10; EF67LP10,confirmada na planilha
EF67LP10,EF67LP09,relacionada,EF67LP10; EF67LP10,confirmada na planilha
EF67LP10,EF06LP03,relacionada,EF67LP10,confirmada na planilha
EF67LP10,EF06LP04,relacionada,EF67LP10,confirmada na planilha
EF67LP10,EF06LP05,relacionada,EF67LP10,confirmada na planilha
EF67LP10,EF06LP06,relacionada,EF67LP10,confirmada na planilha
EF67LP10,EF06LP11,relacionada,EF67LP10,confirmada na planilha
EF67LP10,EF06LP12,relacionada,EF67LP10,confirmada na planilha
EF67LP10,EF67LP33,relacionada,EF67LP10; EF67LP10,confirmada na planilha
EF67LP10,EF67LP36,relacionada,EF67LP10; EF67LP10,confirmada na planilha
EF67LP10,EF67LP37,relacionada,EF67LP10; EF67LP10,confirmada na planilha
EF67LP10,EF67LP09,mencao_comentario,EF67LP10; EF67LP10,confirmada na planilha
EF67LP10,EF06LP11,mencao_comentario,EF67LP10,confirmada na planilha
EF67LP10,EF06LP12,mencao_comentario,EF67LP10,confirmada na planilha
EF67LP11,EF69LP06,relacionada,EF67LP11; EF67LP11,confirmada na planilha
EF67LP11,EF69LP45,relacionada,EF67LP11; EF67LP11,confirmada na planilha
EF67LP11,EF69LP46,relacionada,EF67LP11; EF67LP11,confirmada na planilha
EF67LP11,EF06LP01,relacionada,EF67LP11,confirmada na planilha
EF67LP11,EF06LP02,relacionada,EF67LP11,confirmada na planilha
EF67LP11,EF67LP02,relacionada,EF67LP11; EF67LP11,confirmada na planilha
EF67LP11,EF67LP03,relacionada,EF67LP11; EF67LP11,confirmada na planilha
EF67LP11,EF67LP04,relacionada,EF67LP11; EF67LP11,confirmada na planilha
EF67LP11,EF67LP05,relacionada,EF67LP11; EF67LP11,confirmada na planilha
EF67LP11,EF67LP07,relacionada,EF67LP11; EF67LP11,confirmada na planilha
EF67LP11,EF67LP08,relacionada,EF67LP11; EF67LP11,confirmada na planilha
EF67LP11,EF67LP12,relacionada,EF67LP11; EF67LP11,confirmada na planilha
EF67LP11,EF06LP03,relacionada,EF67LP11,confirmada na planilha
EF67LP11,EF06LP04,relacionada,EF67LP11,confirmada na planilha
EF67LP11,EF06LP05,relacionada,EF67LP11,confirmada na planilha
EF67LP11,EF67LP32,relacionada,EF67LP11; EF67LP11,confirmada na planilha
EF67LP11,EF67LP33,relacionada,EF67LP11; EF67LP11,confirmada na planilha
EF67LP11,EF67LP36,relacionada,EF67LP11; EF67LP11,confirmada na planilha
EF05LP13,EF67LP12,pre_requisito,EF67LP12,confirmada na planilha
EF05LP21,EF67LP12,pre_requisito,EF67LP12,confirmada na planilha
EF67LP12,EF69LP06,relacionada,EF67LP12; EF67LP12,confirmada na planilha
EF67LP12,EF69LP45,relacionada,EF67LP12; EF67LP12,confirmada na planilha
EF67LP12,EF69LP46,relacionada,EF67LP12; EF67LP12,confirmada na planilha
EF67LP12,EF06LP01,relacionada,EF67LP12,confirmada na planilha
EF67LP12,EF06LP02,relacionada,EF67LP12,confirmada na planilha
EF67LP12,EF67LP02,relacionada,EF67LP12,confirmada na planilha
EF67LP12,EF67LP03,relacionada,EF67LP12; EF67LP12,confirmada na planilha
EF67LP12,EF67LP04,relacionada,EF67LP12; EF67LP12,confirmada na planilha
EF67LP12,EF67LP05,relacionada,EF67LP12; EF67LP12,confirmada na planilha
EF67LP12,EF67LP07,relacionada,EF67LP12; EF67LP12,confirmada na planilha
EF67LP12,EF67LP08,relacionada,EF67LP12; EF67LP12,confirmada na planilha
EF67LP12,EF67LP11,relacionada,EF67LP12; EF67LP12,confirmada na planilha
EF67LP12,EF06LP03,relacionada,EF67LP12,confirmada na planilha
EF67LP12,EF06LP04,relacionada,EF67LP12,confirmada na planilha
EF67LP12,EF06LP05,relacionada,EF67LP12,confirmada na planilha
EF67LP12,EF06LP06,relacionada,EF67LP12,confirmada na planilha
EF67LP12,EF06LP11,relacionada,EF67LP12,confirmada na planilha
EF67LP12,EF06LP12,relacionada,EF67LP12,confirmada na planilha
EF67LP12,EF67LP33,relacionada,EF67LP12; EF67LP12,confirmada na planilha
EF67LP12,EF67LP36,relacionada,EF67LP12; EF67LP12,confirmada na planilha
EF67LP12,EF67LP37,relacionada,EF67LP12,confirmada na planilha
EF67LP12,EF67LP11,mencao_comentario,EF67LP12; EF67LP12,confirmada na planilha
EF67LP12,EF06LP12,mencao_comentario,EF67LP12,confirmada na planilha
EF67LP12,EF67LP01,mencao_comentario,EF67LP12,confirmada na planilha
EF03LP19,EF67LP13,pre_requisito,EF67LP13,confirmada na planilha
EF03LP21,EF67LP13,pre_requisito,EF67LP13,confirmada na planilha
EF67LP13,EF69LP09,relacionada,EF67LP13; EF67LP13,confirmada na planilha
EF67LP13,EF06LP05,relacionada,EF67LP13,confirmada na planilha
EF67LP13,EF06LP06,relacionada,EF67LP13,confirmada na planilha
EF67LP13,EF06LP11,relacionada,EF67LP13,confirmada na planilha
EF67LP13,EF06LP12,relacionada,EF67LP13,confirmada na planilha
EF67LP13,EF67LP33,relacionada,EF67LP13; EF67LP13,confirmada na planilha
EF67LP13,EF67LP36,relacionada,EF67LP13; EF67LP13,confirmada na planilha
EF67LP13,EF67LP37,relacionada,EF67LP13; EF67LP13,confirmada na planilha
EF67LP13,EF67LP38,relacionada,EF67LP13; EF67LP13,confirmada na planilha
EF67LP13,EF67LP38,mencao_comentario,EF67LP13; EF67LP13,confirmada na planilha
EF04LP17,EF67LP14,pre_requisito,EF67LP14,confirmada na planilha
EF67LP14,EF69LP06,relacionada,EF67LP14; EF67LP14,confirmada na planilha
EF67LP14,EF69LP10,relacionada,EF67LP14; EF67LP14,confirmada na planilha
EF67LP14,EF69LP39,relacionada,EF67LP14; EF67LP14,confirmada na planilha
EF67LP14,EF06LP03,relacionada,EF67LP14,confirmada na planilha
EF67LP14,EF06LP05,relacionada,EF67LP14,confirmada na planilha
EF67LP14,EF06LP08,relacionada,EF67LP14,confirmada na planilha
EF67LP14,EF67LP33,relacionada,EF67LP14; EF67LP14,confirmada na planilha
EF67LP14,EF67LP38,relacionada,EF67LP14; EF67LP14,confirmada na planilha
EF67LP15,EF69LP05,relacionada,EF67LP15; EF67LP15,confirmada na planilha
EF67LP15,EF69LP27,relacionada,EF67LP15; EF67LP15,confirmada na planilha
EF67LP15,EF69LP32,relacionada,EF67LP15; EF67LP15,confirmada na planilha
EF67LP15,EF69LP20,relacionada,EF67LP15; EF67LP15,confirmada na planilha
EF67LP15,EF69LP24,relacionada,EF67LP15; EF67LP15,confirmada na planilha
EF67LP15,EF69LP28,relacionada,EF67LP15; EF67LP15,confirmada na planilha
EF67LP15,EF67LP16,relacionada,EF67LP15; EF67LP15,confirmada na planilha
EF67LP15,EF67LP17,relacionada,EF67LP15; EF67LP15,confirmada na planilha
EF67LP15,EF67LP18,relacionada,EF67LP15; EF67LP15,confirmada na planilha
EF67LP15,EF67LP19,relacionada,EF67LP15; EF67LP15,confirmada na planilha
EF67LP15,EF67LP36,relacionada,EF67LP15; EF67LP15,confirmada na planilha
EF67LP15,EF06LP05,relacionada,EF67LP15,confirmada na planilha
EF67LP15,EF06LP05,mencao_comentario,EF67LP15,confirmada na planilha
EF04LP10,EF67LP16,pre_requisito,EF67LP16,confirmada na planilha
EF04LP11,EF67LP16,pre_requisito,EF67LP16,confirmada na planilha
EF03LP18,EF67LP16,pre_requisito,EF67LP16,confirmada na planilha
EF67LP16,EF69LP05,relacionada,EF67LP16; EF67LP16,confirmada na planilha
EF67LP16,EF69LP27,relacionada,EF67LP16; EF67LP16,confirmada na planilha
EF67LP16,EF69LP32,relacionada,EF67LP16; EF67LP16,confirmada na planilha
EF67LP16,EF67LP15,relacionada,EF67LP16; EF67LP16,confirmada na planilha
EF67LP16,EF67LP17,relacionada,EF67LP16; EF67LP16,confirmada na planilha
EF67LP16,EF67LP18,relacionada,EF67LP16; EF67LP16; EF67LP16; EF67LP16,confirmada na planilha
EF67LP16,EF67LP19,relacionada,EF67LP16; EF67LP16; EF67LP16; EF67LP16,confirmada na planilha
EF67LP16,EF06LP07,relacionada,EF67LP16,confirmada na planilha
EF67LP16,EF67LP26,relacionada,EF67LP16; EF67LP16,confirmada na planilha
EF67LP16,EF67LP18,mencao_comentario,EF67LP16; EF67LP16,confirmada na planilha
EF67LP16,EF67LP19,mencao_comentario,EF67LP16; EF67LP16,confirmada na planilha
EF04LP10,EF67LP17,pre_requisito,EF67LP17,confirmada na planilha
EF04LP11,EF67LP17,pre_requisito,EF67LP17,confirmada na planilha
EF67LP17,EF69LP27,relacionada,EF67LP17; EF67LP17,confirmada na planilha
EF67LP17,EF69LP32,relacionada,EF67LP17; EF67LP17,confirmada na planilha
EF67LP17,EF06LP07,relacionada,EF67LP17,confirmada na planilha
EF67LP17,EF67LP18,relacionada,EF67LP17; EF67LP17; EF67LP17,confirmada na planilha
EF67LP17,EF67LP19,relacionada,EF67LP17; EF67LP17,confirmada na planilha
EF67LP17,EF67LP26,relacionada,EF67LP17; EF67LP17,confirmada na planilha
EF67LP17,EF67LP37,relacionada,EF67LP17; EF67LP17,confirmada na planilha
EF35LP19,EF67LP20,pre_requisito,EF67LP20,confirmada na planilha
EF04LP21,EF67LP20,pre_requisito,EF67LP20,confirmada na planilha
EF05LP24,EF67LP20,pre_requisito,EF67LP20,confirmada na planilha
EF67LP20,EF69LP32,relacionada,EF67LP20; EF67LP20,confirmada na planilha
EF67LP20,EF69LP34,relacionada,EF67LP20; EF67LP20,confirmada na planilha
EF67LP20,EF67LP21,relacionada,EF67LP20; EF67LP20,confirmada na planilha
EF67LP20,EF67LP23,relacionada,EF67LP20; EF67LP20,confirmada na planilha
EF67LP20,EF67LP26,relacionada,EF67LP20; EF67LP20,confirmada na planilha
EF67LP20,EF67LP36,relacionada,EF67LP20; EF67LP20,confirmada na planilha
EF67LP21,EF69LP34,relacionada,EF67LP21; EF67LP21,confirmada na planilha
EF67LP21,EF69LP29,relacionada,EF67LP21; EF67LP21,confirmada na planilha
EF67LP21,EF69LP32,relacionada,EF67LP21; EF67LP21,confirmada na planilha
EF67LP21,EF67LP21,relacionada,EF67LP21,confirmada na planilha
EF67LP21,EF67LP23,relacionada,EF67LP21; EF67LP21,confirmada na planilha
EF67LP21,EF67LP26,relacionada,EF67LP21; EF67LP21,confirmada na planilha
EF67LP21,EF67LP32,relacionada,EF67LP21; EF67LP21,confirmada na planilha
EF67LP21,EF67LP33,relacionada,EF67LP21; EF67LP21,confirmada na planilha
EF67LP21,EF67LP36,relacionada,EF67LP21; EF67LP21,confirmada na planilha
EF67LP21,EF67LP20,mencao_comentario,EF67LP21,confirmada na planilha
EF67LP22,EF69LP32,relacionada,EF67LP22; EF67LP22,confirmada na planilha
EF67LP22,EF69LP34,relacionada,EF67LP22; EF67LP22,confirmada na planilha
EF67LP22,EF67LP24,relacionada,EF67LP22,confirmada na planilha
EF67LP22,EF67LP25,relacionada,EF67LP22; EF67LP22,confirmada na planilha
EF67LP22,EF06LP06,relacionada,EF67LP22,confirmada na planilha
EF67LP22,EF67LP32,relacionada,EF67LP22; EF67LP22,confirmada na planilha
EF67LP22,EF67LP33,relacionada,EF67LP22; EF67LP22,confirmada na planilha
EF67LP22,EF67LP36,relacionada,EF67LP22; EF67LP22,confirmada na planilha
EF67LP22,EF67LP37,relacionada,EF67LP22,confirmada na planilha
EF67LP22,EF06LP11,relacionada,EF67LP22,confirmada na planilha
EF67LP22,EF06LP12,relacionada,EF67LP22,confirmada na planilha
EF67LP22,EF67LP21,mencao_comentario,EF67LP22,confirmada na planilha
EF35LP06,EF67LP24,pre_requisito,EF67LP24,confirmada na planilha
EF35LP08,EF67LP24,pre_requisito,EF67LP24,confirmada na planilha
EF67LP24,EF69LP29,relacionada,EF67LP24; EF67LP24,confirmada na planilha
EF67LP24,EF69LP34,relacionada,EF67LP24; EF67LP24,confirmada na planilha
EF67LP24,EF67LP25,relacionada,EF67LP24; EF67LP24,confirmada na planilha
EF67LP24,EF69LP26,relacionada,EF67LP24; EF67LP24,confirmada na planilha
EF67LP25,EF69LP29,relacionada,EF67LP25; EF67LP25,confirmada na planilha
EF67LP25,EF69LP30,relacionada,EF67LP25; EF67LP25,confirmada na planilha
EF67LP25,EF69LP33,relacionada,EF67LP25; EF67LP25,confirmada na planilha
EF67LP25,EF69LP34,relacionada,EF67LP25; EF67LP25,confirmada na planilha
EF67LP25,EF69LP53,relacionada,EF67LP25; EF67LP25,confirmada na planilha
EF67LP25,EF67LP24,relacionada,EF67LP25,confirmada na planilha
EF67LP25,EF67LP33,relacionada,EF67LP25; EF67LP25,confirmada na planilha
EF67LP25,EF67LP36,relacionada,EF67LP25; EF67LP25,confirmada na planilha
EF67LP25,EF67LP26,relacionada,EF67LP25; EF67LP25,confirmada na planilha
EF67LP25,EF67LP24,mencao_comentario,EF67LP25,confirmada na planilha
EF35LP24,EF67LP27,pre_requisito,EF67LP27,confirmada na planilha
EF04LP25,EF67LP27,pre_requisito,EF67LP27,confirmada na planilha
EF04LP27,EF67LP27,pre_requisito,EF67LP27,confirmada na planilha
EF67LP27,EF69LP05,relacionada,EF67LP27; EF67LP27,confirmada na planilha
EF67LP27,EF69LP44,relacionada,EF67LP27; EF67LP27,confirmada na planilha
EF67LP27,EF69LP53,relacionada,EF67LP27; EF67LP27,confirmada na planilha
EF67LP27,EF69LP54,relacionada,EF67LP27; EF67LP27,confirmada na planilha
EF67LP27,EF67LP28,relacionada,EF67LP27; EF67LP27,confirmada na planilha
EF67LP27,EF67LP37,relacionada,EF67LP27; EF67LP27,confirmada na planilha
EF67LP27,EF67LP38,relacionada,EF67LP27; EF67LP27,confirmada na planilha
EF35LP25,EF67LP29,pre_requisito,EF67LP29,confirmada na planilha
EF67LP29,EF69LP44,relacionada,EF67LP29; EF67LP29,confirmada na planilha
EF67LP29,EF69LP53,relacionada,EF67LP29; EF67LP29,confirmada na planilha
EF67LP29,EF69LP54,relacionada,EF67LP29; EF67LP29,confirmada na planilha
EF67LP29,EF67LP28,relacionada,EF67LP29; EF67LP29,confirmada na planilha
EF67LP29,EF67LP33,relacionada,EF67LP29; EF67LP29,confirmada na planilha
EF67LP29,EF67LP36,relacionada,EF67LP29; EF67LP29,confirmada na planilha
EF67LP29,EF67LP38,relacionada,EF67LP29; EF67LP29,confirmada na planilha
EF67LP29,EF69LP52,relacionada,EF67LP29; EF67LP29,confirmada na planilha
EF15LP17,EF67LP30,pre_requisito,EF67LP30,confirmada na planilha
EF35LP31,EF67LP30,pre_requisito,EF67LP30,confirmada na planilha
EF04LP26,EF67LP30,pre_requisito,EF67LP30,confirmada na planilha
EF67LP30,EF67LP28,relacionada,EF67LP30; EF67LP30,confirmada na planilha
EF67LP30,EF69LP47,relacionada,EF67LP30; EF67LP30,confirmada na planilha
EF67LP30,EF69LP53,relacionada,EF67LP30; EF67LP30,confirmada na planilha
EF67LP30,EF69LP54,relacionada,EF67LP30; EF67LP30,confirmada na planilha
EF67LP30,EF06LP05,relacionada,EF67LP30,confirmada na planilha
EF67LP30,EF06LP11,relacionada,EF67LP30,confirmada na planilha
EF67LP30,EF06LP12,relacionada,EF67LP30,confirmada na planilha
EF67LP30,EF67LP37,relacionada,EF67LP30; EF67LP30,confirmada na planilha
EF67LP30,EF67LP32,relacionada,EF67LP30; EF67LP30,confirmada na planilha
EF67LP30,EF67LP33,relacionada,EF67LP30; EF67LP30,confirmada na planilha
EF67LP30,EF67LP36,relacionada,EF67LP30; EF67LP30,confirmada na planilha
EF67LP30,EF67LP38,relacionada,EF67LP30; EF67LP30,confirmada na planilha
EF67LP31,EF69LP48,relacionada,EF67LP31; EF67LP31,confirmada na planilha
EF67LP31,EF69LP53,relacionada,EF67LP31; EF67LP31,confirmada na planilha
EF67LP31,EF69LP54,relacionada,EF67LP31; EF67LP31,confirmada na planilha
EF67LP31,EF67LP28,relacionada,EF67LP31; EF67LP31,confirmada na planilha
EF67LP31,EF06LP11,relacionada,EF67LP31,confirmada na planilha
EF67LP31,EF67LP32,relacionada,EF67LP31; EF67LP31,confirmada na planilha
EF67LP31,EF67LP36,relacionada,EF67LP31; EF67LP31,confirmada na planilha
EF67LP31,EF67LP37,relacionada,EF67LP31; EF67LP31,confirmada na planilha
EF67LP31,EF67LP38,relacionada,EF67LP31; EF67LP31,confirmada na planilha
EF67LP31,EF67LP30,mencao_comentario,EF67LP31,confirmada na planilha
EF06LP01,EF07LP01,pre_requisito,EF07LP01,confirmada na planilha
EF06LP03,EF07LP01,pre_requisito,EF07LP01,confirmada na planilha
EF06LP04,EF07LP01,pre_requisito,EF07LP01,confirmada na planilha
EF07LP01,EF69LP01,relacionada,EF07LP01,confirmada na planilha
EF07LP01,EF69LP03,relacionada,EF07LP01,confirmada na planilha
EF07LP01,EF69LP17,relacionada,EF07LP01,confirmada na planilha
EF07LP01,EF69LP16,relacionada,EF07LP01,confirmada na planilha
EF07LP01,EF07LP02,relacionada,EF07LP01,confirmada na planilha
EF07LP01,EF67LP06,relacionada,EF07LP01,confirmada na planilha
EF07LP01,EF67LP02,relacionada,EF07LP01,confirmada na planilha
EF07LP01,EF67LP03,relacionada,EF07LP01,confirmada na planilha
EF07LP01,EF67LP04,relacionada,EF07LP01,confirmada na planilha
EF07LP01,EF67LP05,relacionada,EF07LP01,confirmada na planilha
EF07LP01,EF67LP07,relacionada,EF07LP01,confirmada na planilha
EF07LP01,EF67LP08,relacionada,EF07LP01,confirmada na planilha
EF07LP01,EF07LP08,relacionada,EF07LP01,confirmada na planilha
EF07LP01,EF07LP09,relacionada,EF07LP01,confirmada na planilha
EF07LP01,EF07LP10,relacionada,EF07LP01,confirmada na planilha
EF07LP01,EF07LP11,relacionada,EF07LP01,confirmada na planilha
EF07LP01,EF07LP12,relacionada,EF07LP01,confirmada na planilha
EF07LP01,EF07LP13,relacionada,EF07LP01,confirmada na planilha
EF07LP01,EF07LP14,relacionada,EF07LP01,confirmada na planilha
EF07LP01,EF69LP31,relacionada,EF07LP01,confirmada na planilha
EF07LP01,EF06LP03,mencao_comentario,EF07LP01,confirmada na planilha
EF07LP01,EF06LP05,mencao_comentario,EF07LP01,confirmada na planilha
EF06LP02,EF07LP02,pre_requisito,EF07LP02,confirmada na planilha
EF07LP02,EF69LP16,relacionada,EF07LP02,confirmada na planilha
EF07LP02,EF69LP17,relacionada,EF07LP02,confirmada na planilha
EF07LP02,EF69LP05,relacionada,EF07LP02,confirmada na planilha
EF07LP02,EF67LP01,relacionada,EF07LP02,confirmada na planilha
EF07LP02,EF67LP03,relacionada,EF07LP02,confirmada na planilha
EF07LP02,EF07LP11,relacionada,EF07LP02,confirmada na planilha
EF07LP02,EF07LP12,relacionada,EF07LP02,confirmada na planilha
EF07LP02,EF07LP13,relacionada,EF07LP02,confirmada na planilha
EF07LP02,EF67LP33,relacionada,EF07LP02,confirmada na planilha
EF07LP02,EF67LP36,relacionada,EF07LP02,confirmada na planilha
EF07LP02,EF67LP37,relacionada,EF07LP02,confirmada na planilha
EF07LP02,EF69LP31,relacionada,EF07LP02,confirmada na planilha
EF67LP01,EF67LP02,mencao_comentario,EF67LP01,confirmada na planilha
EF67LP01,EF67LP03,mencao_comentario,EF67LP01,confirmada na planilha
EF67LP02,EF69LP02,relacionada,EF67LP02,confirmada na planilha
EF67LP02,EF07LP01,relacionada,EF67LP02,confirmada na planilha
EF67LP02,EF67LP02,relacionada,EF67LP02,confirmada na planilha
EF67LP02,EF07LP02,relacionada,EF67LP02,confirmada na planilha
EF67LP02,EF07LP08,relacionada,EF67LP02,confirmada na planilha
EF67LP02,EF07LP09,relacionada,EF67LP02,confirmada na planilha
EF67LP02,EF07LP10,relacionada,EF67LP02,confirmada na planilha
EF67LP02,EF07LP11,relacionada,EF67LP02,confirmada na planilha
EF67LP02,EF07LP12,relacionada,EF67LP02,confirmada na planilha
EF67LP02,EF07LP13,relacionada,EF67LP02,confirmada na planilha
EF67LP02,EF07LP14,relacionada,EF67LP02,confirmada na planilha
EF67LP02,EF07LP08,mencao_comentario,EF67LP02,confirmada na planilha
EF67LP02,EF07LP09,mencao_comentario,EF67LP02,confirmada na planilha
EF67LP03,EF07LP01,relacionada,EF67LP03,confirmada na planilha
EF67LP03,EF07LP08,relacionada,EF67LP03,confirmada na planilha
EF67LP03,EF07LP09,relacionada,EF67LP03,confirmada na planilha
EF67LP03,EF07LP10,relacionada,EF67LP03,confirmada na planilha
EF67LP03,EF07LP11,relacionada,EF67LP03,confirmada na planilha
EF67LP03,EF07LP13,relacionada,EF67LP03,confirmada na planilha
EF67LP03,EF07LP14,relacionada,EF67LP03,confirmada na planilha
EF67LP03,EF67LP37,relacionada,EF67LP03,confirmada na planilha
EF67LP03,EF07LP01,mencao_comentario,EF67LP03,confirmada na planilha
EF67LP03,EF07LP14,mencao_comentario,EF67LP03,confirmada na planilha
EF67LP03,EF07LP12,mencao_comentario,EF67LP03,confirmada na planilha
EF67LP03,EF07LP13,mencao_comentario,EF67LP03,confirmada na planilha
EF67LP04,EF69LP11,relacionada,EF67LP04,confirmada na planilha
EF67LP04,EF69LP15,relacionada,EF67LP04,confirmada na planilha
EF67LP04,EF69LP18,relacionada,EF67LP04,confirmada na planilha
EF67LP04,EF67LP01,relacionada,EF67LP04,confirmada na planilha
EF67LP04,EF07LP02,relacionada,EF67LP04,confirmada na planilha
EF67LP04,EF07LP08,relacionada,EF67LP04,confirmada na planilha
EF67LP04,EF07LP09,relacionada,EF67LP04,confirmada na planilha
EF67LP04,EF07LP10,relacionada,EF67LP04,confirmada na planilha
EF67LP04,EF07LP11,relacionada,EF67LP04,confirmada na planilha
EF67LP04,EF07LP12,relacionada,EF67LP04,confirmada na planilha
EF67LP04,EF07LP13,relacionada,EF67LP04,confirmada na planilha
EF67LP04,EF07LP14,relacionada,EF67LP04,confirmada na planilha
EF67LP04,EF67LP37,relacionada,EF67LP04,confirmada na planilha
EF67LP04,EF07LP08,mencao_comentario,EF67LP04,confirmada na planilha
EF67LP04,EF07LP09,mencao_comentario,EF67LP04,confirmada na planilha
EF67LP05,EF67LP01,relacionada,EF67LP05,confirmada na planilha
EF67LP05,EF07LP02,relacionada,EF67LP05,confirmada na planilha
EF67LP05,EF07LP08,relacionada,EF67LP05,confirmada na planilha
EF67LP05,EF07LP09,relacionada,EF67LP05,confirmada na planilha
EF67LP05,EF07LP10,relacionada,EF67LP05,confirmada na planilha
EF67LP05,EF07LP11,relacionada,EF67LP05,confirmada na planilha
EF67LP05,EF07LP12,relacionada,EF67LP05,confirmada na planilha
EF67LP05,EF07LP13,relacionada,EF67LP05,confirmada na planilha
EF67LP05,EF07LP14,relacionada,EF67LP05,confirmada na planilha
EF67LP05,EF67LP37,relacionada,EF67LP05,confirmada na planilha
EF67LP06,EF07LP01,relacionada,EF67LP06,confirmada na planilha
EF67LP06,EF07LP02,relacionada,EF67LP06,confirmada na planilha
EF67LP06,EF07LP08,relacionada,EF67LP06,confirmada na planilha
EF67LP06,EF07LP09,relacionada,EF67LP06,confirmada na planilha
EF67LP06,EF07LP10,relacionada,EF67LP06,confirmada na planilha
EF67LP06,EF07LP11,relacionada,EF67LP06,confirmada na planilha
EF67LP06,EF07LP12,relacionada,EF67LP06,confirmada na planilha
EF67LP06,EF07LP13,relacionada,EF67LP06,confirmada na planilha
EF67LP06,EF07LP14,relacionada,EF67LP06,confirmada na planilha
EF67LP06,EF67LP37,relacionada,EF67LP06,confirmada na planilha
EF67LP06,EF07LP10,mencao_comentario,EF67LP06,confirmada na planilha
EF67LP06,EF07LP11,mencao_comentario,EF67LP06,confirmada na planilha
EF67LP06,EF07LP12,mencao_comentario,EF67LP06,confirmada na planilha
EF67LP06,EF07LP13,mencao_comentario,EF67LP06,confirmada na planilha
EF67LP06,EF07LP14,mencao_comentario,EF67LP06,confirmada na planilha
EF67LP07,EF67LP01,relacionada,EF67LP07,confirmada na planilha
EF67LP07,EF07LP02,relacionada,EF67LP07,confirmada na planilha
EF67LP07,EF07LP08,relacionada,EF67LP07,confirmada na planilha
EF67LP07,EF07LP09,relacionada,EF67LP07,confirmada na planilha
EF67LP07,EF07LP10,relacionada,EF67LP07,confirmada na planilha
EF67LP07,EF07LP11,relacionada,EF67LP07,confirmada na planilha
EF67LP07,EF07LP12,relacionada,EF67LP07,confirmada na planilha
EF67LP07,EF07LP13,relacionada,EF67LP07,confirmada na planilha
EF67LP07,EF07LP14,relacionada,EF67LP07,confirmada na planilha
EF67LP08,EF67LP01,relacionada,EF67LP08,confirmada na planilha
EF67LP08,EF07LP02,relacionada,EF67LP08,confirmada na planilha
EF67LP08,EF07LP08,relacionada,EF67LP08,confirmada na planilha
EF67LP08,EF07LP09,relacionada,EF67LP08,confirmada na planilha
EF67LP08,EF07LP10,relacionada,EF67LP08,confirmada na planilha
EF67LP08,EF07LP11,relacionada,EF67LP08,confirmada na planilha
EF67LP08,EF07LP12,relacionada,EF67LP08,confirmada na planilha
EF67LP08,EF07LP13,relacionada,EF67LP08,confirmada na planilha
EF67LP08,EF07LP14,relacionada,EF67LP08,confirmada na planilha
EF67LP09,EF07LP01,relacionada,EF67LP09,confirmada na planilha
EF67LP09,EF07LP08,relacionada,EF67LP09; EF67LP09,confirmada na planilha
EF67LP09,EF07LP06,relacionada,EF67LP09,confirmada na planilha
EF67LP09,EF07LP09,relacionada,EF67LP09,confirmada na planilha
EF67LP09,EF07LP10,relacionada,EF67LP09,confirmada na planilha
EF67LP09,EF07LP11,relacionada,EF67LP09,confirmada na planilha
EF67LP09,EF07LP12,relacionada,EF67LP09,confirmada na planilha
EF67LP09,EF07LP13,relacionada,EF67LP09,confirmada na planilha
EF67LP09,EF07LP14,relacionada,EF67LP09,confirmada na planilha
EF67LP10,EF07LP02,relacionada,EF67LP10,confirmada na planilha
EF67LP10,EF07LP06,relacionada,EF67LP10,confirmada na planilha
EF67LP10,EF07LP08,relacionada,EF67LP10,confirmada na planilha
EF67LP10,EF07LP09,relacionada,EF67LP10,confirmada na planilha
EF67LP10,EF07LP10,relacionada,EF67LP10,confirmada na planilha
EF67LP10,EF07LP11,relacionada,EF67LP10,confirmada na planilha
EF67LP10,EF07LP12,relacionada,EF67LP10,confirmada na planilha
EF67LP10,EF07LP13,relacionada,EF67LP10,confirmada na planilha
EF67LP10,EF07LP14,relacionada,EF67LP10,confirmada na planilha
EF67LP10,EF67LP32,relacionada,EF67LP10,confirmada na planilha
EF67LP10,EF07LP06,mencao_comentario,EF67LP10,confirmada na planilha
EF67LP11,EF07LP02,relacionada,EF67LP11,confirmada na planilha
EF67LP11,EF07LP06,relacionada,EF67LP11,confirmada na planilha
EF67LP11,EF07LP08,relacionada,EF67LP11,confirmada na planilha
EF67LP11,EF07LP09,relacionada,EF67LP11,confirmada na planilha
EF67LP11,EF07LP10,relacionada,EF67LP11,confirmada na planilha
EF67LP11,EF07LP11,relacionada,EF67LP11,confirmada na planilha
EF67LP11,EF07LP12,relacionada,EF67LP11,confirmada na planilha
EF67LP11,EF07LP13,relacionada,EF67LP11,confirmada na planilha
EF67LP11,EF07LP14,relacionada,EF67LP11,confirmada na planilha
EF67LP12,EF07LP02,relacionada,EF67LP12,confirmada na planilha
EF67LP12,EF07LP06,relacionada,EF67LP12,confirmada na planilha
EF67LP12,EF07LP08,relacionada,EF67LP12,confirmada na planilha
EF67LP12,EF07LP09,relacionada,EF67LP12,confirmada na planilha
EF67LP12,EF07LP10,relacionada,EF67LP12,confirmada na planilha
EF67LP12,EF07LP11,relacionada,EF67LP12,confirmada na planilha
EF67LP12,EF07LP12,relacionada,EF67LP12,confirmada na planilha
EF67LP12,EF07LP13,relacionada,EF67LP12,confirmada na planilha
EF67LP12,EF07LP14,relacionada,EF67LP12,confirmada na planilha
EF67LP12,EF67LP32,relacionada,EF67LP12,confirmada na planilha
EF67LP12,EF07LP10,mencao_comentario,EF67LP12,confirmada na planilha
EF67LP13,EF69LP02,relacionada,EF67LP13,confirmada na planilha
EF06LP03,EF67LP14,pre_requisito,EF67LP14,confirmada na planilha
EF06LP05,EF67LP14,pre_requisito,EF67LP14,confirmada na planilha
EF06LP08,EF67LP14,pre_requisito,EF67LP14,confirmada na planilha
EF67LP15,EF07LP14,relacionada,EF67LP15,confirmada na planilha
EF67LP15,EF07LP14,mencao_comentario,EF67LP15,confirmada na planilha
EF67LP16,EF67LP37,relacionada,EF67LP16,confirmada na planilha
EF67LP16,EF07LP09,relacionada,EF67LP16,confirmada na planilha
EF67LP16,EF07LP10,relacionada,EF67LP16,confirmada na planilha
EF67LP16,EF07LP11,relacionada,EF67LP16,confirmada na planilha
EF67LP17,EF67LP15,relacionada,EF67LP17,confirmada na planilha
EF67LP17,EF67LP16,relacionada,EF67LP17,confirmada na planilha
EF67LP21,EF67LP22,relacionada,EF67LP21,confirmada na planilha
EF67LP21,EF07LP11,relacionada,EF67LP21,confirmada na planilha
EF67LP21,EF07LP12,relacionada,EF67LP21,confirmada na planilha
EF67LP22,EF67LP22,relacionada,EF67LP22,confirmada na planilha
EF67LP22,EF07LP10,relacionada,EF67LP22,confirmada na planilha
EF67LP22,EF07LP11,relacionada,EF67LP22,confirmada na planilha
EF67LP22,EF67LP25,mencao_comentario,EF67LP22,confirmada na planilha
EF67LP24,EF67LP33,relacionada,EF67LP24,confirmada na planilha
EF67LP24,EF67LP32,relacionada,EF67LP24,confirmada na planilha
EF67LP24,EF67LP37,relacionada,EF67LP24,confirmada na planilha
EF67LP30,EF07LP12,relacionada,EF67LP30,confirmada na planilha
EF67LP31,EF07LP09,relacionada,EF67LP31,confirmada na planilha
EF67LP31,EF07LP10,relacionada,EF67LP31,confirmada na planilha
EF67LP07,EF08LP01,pre_requisito,EF08LP01,confirmada na planilha
EF67LP13,EF08LP01,pre_requisito,EF08LP01,confirmada na planilha
EF08LP01,EF69LP01,relacionada,EF08LP01,confirmada na planilha
EF08LP01,EF69LP03,relacionada,EF08LP01,confirmada na planilha
EF08LP01,EF89LP02,relacionada,EF08LP01,confirmada na planilha
EF08LP01,EF89LP07,relacionada,EF08LP01,confirmada na planilha
EF08LP01,EF08LP02,relacionada,EF08LP01,confirmada na planilha
EF08LP01,EF89LP03,relacionada,EF08LP01,confirmada na planilha
EF08LP01,EF89LP04,relacionada,EF08LP01,confirmada na planilha
EF08LP01,EF89LP06,relacionada,EF08LP01,confirmada na planilha
EF08LP01,EF89LP14,relacionada,EF08LP01,confirmada na planilha
EF08LP01,EF89LP16,relacionada,EF08LP01,confirmada na planilha
EF08LP01,EF08LP09,relacionada,EF08LP01,confirmada na planilha
EF08LP01,EF08LP10,relacionada,EF08LP01,confirmada na planilha
EF08LP01,EF08LP13,relacionada,EF08LP01,confirmada na planilha
EF08LP01,EF08LP15,relacionada,EF08LP01,confirmada na planilha
EF08LP01,EF89LP29,relacionada,EF08LP01,confirmada na planilha
EF08LP01,EF89LP05,relacionada,EF08LP01,confirmada na planilha
EF08LP01,EF89LP32,relacionada,EF08LP01,confirmada na planilha
EF08LP01,EF07LP01,mencao_comentario,EF08LP01,confirmada na planilha
EF08LP01,EF08LP10,mencao_comentario,EF08LP01,confirmada na planilha
EF67LP07,EF08LP02,pre_requisito,EF08LP02,confirmada na planilha
EF67LP13,EF08LP02,pre_requisito,EF08LP02,confirmada na planilha
EF08LP02,EF69LP01,relacionada,EF08LP02,confirmada na planilha
EF08LP02,EF69LP03,relacionada,EF08LP02,confirmada na planilha
EF08LP02,EF89LP02,relacionada,EF08LP02,confirmada na planilha
EF08LP02,EF89LP07,relacionada,EF08LP02,confirmada na planilha
EF08LP02,EF08LP02,relacionada,EF08LP02,confirmada na planilha
EF08LP02,EF89LP03,relacionada,EF08LP02,confirmada na planilha
EF08LP02,EF89LP04,relacionada,EF08LP02,confirmada na planilha
EF08LP02,EF89LP06,relacionada,EF08LP02,confirmada na planilha
EF08LP02,EF89LP14,relacionada,EF08LP02,confirmada na planilha
EF08LP02,EF89LP16,relacionada,EF08LP02,confirmada na planilha
EF08LP02,EF08LP09,relacionada,EF08LP02,confirmada na planilha
EF08LP02,EF08LP10,relacionada,EF08LP02,confirmada na planilha
EF08LP02,EF08LP13,relacionada,EF08LP02,confirmada na planilha
EF08LP02,EF08LP15,relacionada,EF08LP02,confirmada na planilha
EF08LP02,EF89LP29,relacionada,EF08LP02,confirmada na planilha
EF08LP02,EF89LP05,relacionada,EF08LP02,confirmada na planilha
EF08LP02,EF89LP32,relacionada,EF08LP02,confirmada na planilha
EF08LP02,EF07LP02,mencao_comentario,EF08LP02,confirmada na planilha
EF67LP07,EF08LP03,pre_requisito,EF08LP03,confirmada na planilha
EF08LP03,EF89LP07,relacionada,EF08LP03,confirmada na planilha
EF08LP03,EF89LP02,relacionada,EF08LP03,confirmada na planilha
EF08LP03,EF69LP03,relacionada,EF08LP03,confirmada na planilha
EF08LP03,EF08LP01,relacionada,EF08LP03,confirmada na planilha
EF08LP03,EF89LP03,relacionada,EF08LP03,confirmada na planilha
EF08LP03,EF89LP04,relacionada,EF08LP03,confirmada na planilha
EF08LP03,EF89LP06,relacionada,EF08LP03,confirmada na planilha
EF08LP03,EF89LP14,relacionada,EF08LP03,confirmada na planilha
EF08LP03,EF89LP16,relacionada,EF08LP03,confirmada na planilha
EF08LP03,EF08LP10,relacionada,EF08LP03,confirmada na planilha
EF08LP03,EF08LP13,relacionada,EF08LP03,confirmada na planilha
EF08LP03,EF08LP15,relacionada,EF08LP03,confirmada na planilha
EF08LP03,EF08LP08,relacionada,EF08LP03,confirmada na planilha
EF08LP03,EF08LP09,relacionada,EF08LP03,confirmada na planilha
EF08LP03,EF89LP29,relacionada,EF08LP03,confirmada na planilha
EF08LP03,EF89LP03,mencao_comentario,EF08LP03,confirmada na planilha
EF08LP03,EF89LP04,mencao_comentario,EF08LP03,confirmada na planilha
EF67LP02,EF89LP03,pre_requisito,EF89LP03,confirmada na planilha
EF89LP03,EF89LP02,relacionada,EF89LP03; EF89LP03,confirmada na planilha
EF89LP03,EF69LP18,relacionada,EF89LP03; EF89LP03,confirmada na planilha
EF89LP03,EF89LP28,relacionada,EF89LP03,confirmada na planilha
EF89LP03,EF69LP05,relacionada,EF89LP03,confirmada na planilha
EF89LP03,EF69LP11,relacionada,EF89LP03; EF89LP03,confirmada na planilha
EF89LP03,EF69LP15,relacionada,EF89LP03; EF89LP03,confirmada na planilha
EF89LP03,EF89LP07,relacionada,EF89LP03; EF89LP03,confirmada na planilha
EF89LP03,EF89LP32,relacionada,EF89LP03; EF89LP03,confirmada na planilha
EF89LP03,EF89LP04,relacionada,EF89LP03; EF89LP03,confirmada na planilha
EF89LP03,EF89LP06,relacionada,EF89LP03; EF89LP03,confirmada na planilha
EF89LP03,EF89LP14,relacionada,EF89LP03; EF89LP03,confirmada na planilha
EF89LP03,EF89LP16,relacionada,EF89LP03; EF89LP03,confirmada na planilha
EF89LP03,EF08LP08,relacionada,EF89LP03,confirmada na planilha
EF89LP03,EF08LP09,relacionada,EF89LP03,confirmada na planilha
EF89LP03,EF08LP10,relacionada,EF89LP03,confirmada na planilha
EF89LP03,EF08LP12,relacionada,EF89LP03,confirmada na planilha
EF89LP03,EF08LP13,relacionada,EF89LP03,confirmada na planilha
EF89LP03,EF08LP14,relacionada,EF89LP03,confirmada na planilha
EF89LP03,EF08LP15,relacionada,EF89LP03,confirmada na planilha
EF89LP03,EF69LP31,relacionada,EF89LP03,confirmada na planilha
EF67LP05,EF89LP04,pre_requisito,EF89LP04,confirmada na planilha
EF67LP07,EF89LP04,pre_requisito,EF89LP04,confirmada na planilha
EF89LP04,EF69LP01,relacionada,EF89LP04; EF89LP04,confirmada na planilha
EF89LP04,EF69LP11,relacionada,EF89LP04; EF89LP04,confirmada na planilha
EF89LP04,EF69LP15,relacionada,EF89LP04; EF89LP04,confirmada na planilha
EF89LP04,EF69LP18,relacionada,EF89LP04; EF89LP04,confirmada na planilha
EF89LP04,EF69LP31,relacionada,EF89LP04; EF89LP04,confirmada na planilha
EF89LP04,EF89LP02,relacionada,EF89LP04; EF89LP04,confirmada na planilha
EF89LP04,EF89LP07,relacionada,EF89LP04; EF89LP04,confirmada na planilha
EF89LP04,EF89LP32,relacionada,EF89LP04; EF89LP04,confirmada na planilha
EF89LP04,EF89LP03,relacionada,EF89LP04; EF89LP04,confirmada na planilha
EF89LP04,EF89LP06,relacionada,EF89LP04; EF89LP04,confirmada na planilha
EF89LP04,EF89LP14,relacionada,EF89LP04; EF89LP04,confirmada na planilha
EF89LP04,EF89LP16,relacionada,EF89LP04; EF89LP04,confirmada na planilha
EF89LP04,EF08LP08,relacionada,EF89LP04,confirmada na planilha
EF89LP04,EF08LP09,relacionada,EF89LP04,confirmada na planilha
EF89LP04,EF08LP10,relacionada,EF89LP04,confirmada na planilha
EF89LP04,EF08LP12,relacionada,EF89LP04,confirmada na planilha
EF89LP04,EF08LP13,relacionada,EF89LP04,confirmada na planilha
EF89LP04,EF08LP14,relacionada,EF89LP04,confirmada na planilha
EF89LP04,EF08LP15,relacionada,EF89LP04,confirmada na planilha
EF89LP04,EF89LP29,relacionada,EF89LP04; EF89LP04,confirmada na planilha
EF89LP04,EF89LP31,relacionada,EF89LP04; EF89LP04,confirmada na planilha
EF67LP07,EF89LP06,pre_requisito,EF89LP06; EF89LP06,confirmada na planilha
EF89LP06,EF89LP07,relacionada,EF89LP06; EF89LP06,confirmada na planilha
EF89LP06,EF89LP32,relacionada,EF89LP06; EF89LP06,confirmada na planilha
EF89LP06,EF89LP03,relacionada,EF89LP06; EF89LP06,confirmada na planilha
EF89LP06,EF89LP04,relacionada,EF89LP06; EF89LP06,confirmada na planilha
EF89LP06,EF89LP14,relacionada,EF89LP06; EF89LP06,confirmada na planilha
EF89LP06,EF89LP16,relacionada,EF89LP06; EF89LP06,confirmada na planilha
EF89LP06,EF08LP08,relacionada,EF89LP06,confirmada na planilha
EF89LP06,EF08LP09,relacionada,EF89LP06,confirmada na planilha
EF89LP06,EF08LP10,relacionada,EF89LP06,confirmada na planilha
EF89LP06,EF08LP13,relacionada,EF89LP06,confirmada na planilha
EF89LP06,EF08LP14,relacionada,EF89LP06,confirmada na planilha
EF89LP06,EF08LP15,relacionada,EF89LP06,confirmada na planilha
EF89LP06,EF89LP29,relacionada,EF89LP06; EF89LP06,confirmada na planilha
EF89LP06,EF89LP05,relacionada,EF89LP06; EF89LP06,confirmada na planilha
EF89LP06,EF89LP03,mencao_comentario,EF89LP06; EF89LP06,confirmada na planilha
EF89LP08,EF69LP06,relacionada,EF89LP08; EF89LP08,confirmada na planilha
EF89LP08,EF89LP09,relacionada,EF89LP08; EF89LP08,confirmada na planilha
EF89LP08,EF08LP06,relacionada,EF89LP08,confirmada na planilha
EF89LP08,EF08LP08,relacionada,EF89LP08,confirmada na planilha
EF89LP08,EF08LP14,relacionada,EF89LP08,confirmada na planilha
EF89LP08,EF08LP15,relacionada,EF89LP08,confirmada na planilha
EF89LP08,EF08LP14,mencao_comentario,EF89LP08; EF89LP08,confirmada na planilha
EF89LP09,EF08LP04,relacionada,EF89LP09,confirmada na planilha
EF89LP09,EF08LP06,relacionada,EF89LP09,confirmada na planilha
EF89LP09,EF08LP08,relacionada,EF89LP09,confirmada na planilha
EF89LP09,EF89LP08,relacionada,EF89LP09; EF89LP09,confirmada na planilha
EF89LP09,EF08LP15,relacionada,EF89LP09,confirmada na planilha
EF89LP09,EF89LP08,mencao_comentario,EF89LP09; EF89LP09,confirmada na planilha
EF89LP10,EF69LP06,relacionada,EF89LP10; EF89LP10,confirmada na planilha
EF89LP10,EF89LP06,relacionada,EF89LP10; EF89LP10,confirmada na planilha
EF89LP10,EF08LP06,relacionada,EF89LP10,confirmada na planilha
EF89LP10,EF08LP08,relacionada,EF89LP10,confirmada na planilha
EF89LP10,EF08LP11,relacionada,EF89LP10,confirmada na planilha
EF89LP10,EF08LP15,relacionada,EF89LP10,confirmada na planilha
EF67LP13,EF89LP11,pre_requisito,EF89LP11; EF89LP11,confirmada na planilha
EF89LP11,EF69LP06,relacionada,EF89LP11; EF89LP11,confirmada na planilha
EF89LP11,EF69LP09,relacionada,EF89LP11; EF89LP11,confirmada na planilha
EF89LP11,EF08LP04,relacionada,EF89LP11,confirmada na planilha
EF89LP11,EF08LP16,relacionada,EF89LP11,confirmada na planilha
EF89LP11,EF67LP13,mencao_comentario,EF89LP11; EF89LP11,confirmada na planilha
EF89LP12,EF69LP11,relacionada,EF89LP12; EF89LP12,confirmada na planilha
EF89LP12,EF69LP15,relacionada,EF89LP12; EF89LP12,confirmada na planilha
EF89LP12,EF69LP19,relacionada,EF89LP12; EF89LP12,confirmada na planilha
EF89LP12,EF89LP03,relacionada,EF89LP12; EF89LP12,confirmada na planilha
EF89LP12,EF89LP15,relacionada,EF89LP12; EF89LP12,confirmada na planilha
EF89LP12,EF08LP04,relacionada,EF89LP12,confirmada na planilha
EF89LP12,EF89LP03,mencao_comentario,EF89LP12; EF89LP12,confirmada na planilha
EF89LP12,EF89LP15,mencao_comentario,EF89LP12; EF89LP12,confirmada na planilha
EF67LP14,EF89LP13,pre_requisito,EF89LP13; EF89LP13,confirmada na planilha
EF89LP13,EF69LP39,relacionada,EF89LP13; EF89LP13,confirmada na planilha
EF89LP13,EF89LP12,relacionada,EF89LP13; EF89LP13,confirmada na planilha
EF89LP13,EF08LP04,relacionada,EF89LP13,confirmada na planilha
EF89LP13,EF89LP05,relacionada,EF89LP13; EF89LP13,confirmada na planilha
EF89LP13,EF89LP15,relacionada,EF89LP13,confirmada na planilha
EF89LP13,EF67LP14,mencao_comentario,EF89LP13; EF89LP13,confirmada na planilha
EF89LP14,EF69LP17,relacionada,EF89LP14; EF89LP14,confirmada na planilha
EF89LP14,EF69LP19,relacionada,EF89LP14; EF89LP14,confirmada na planilha
EF89LP14,EF89LP03,relacionada,EF89LP14; EF89LP14,confirmada na planilha
EF89LP14,EF89LP04,relacionada,EF89LP14; EF89LP14,confirmada na planilha
EF89LP14,EF08LP09,relacionada,EF89LP14,confirmada na planilha
EF89LP14,EF08LP10,relacionada,EF89LP14,confirmada na planilha
EF89LP14,EF08LP12,relacionada,EF89LP14,confirmada na planilha
EF89LP14,EF08LP13,relacionada,EF89LP14,confirmada na planilha
EF89LP14,EF08LP14,relacionada,EF89LP14,confirmada na planilha
EF89LP14,EF89LP31,relacionada,EF89LP14; EF89LP14,confirmada na planilha
EF89LP14,EF89LP03,mencao_comentario,EF89LP14; EF89LP14,confirmada na planilha
EF89LP14,EF89LP04,mencao_comentario,EF89LP14; EF89LP14,confirmada na planilha
EF89LP14,EF89LP12,mencao_comentario,EF89LP14; EF89LP14,confirmada na planilha
EF89LP16,EF69LP03,relacionada,EF89LP16; EF89LP16,confirmada na planilha
EF89LP16,EF69LP11,relacionada,EF89LP16; EF89LP16,confirmada na planilha
EF89LP16,EF08LP05,relacionada,EF89LP16,confirmada na planilha
EF89LP16,EF08LP09,relacionada,EF89LP16,confirmada na planilha
EF89LP16,EF08LP10,relacionada,EF89LP16,confirmada na planilha
EF89LP16,EF08LP12,relacionada,EF89LP16,confirmada na planilha
EF89LP16,EF08LP13,relacionada,EF89LP16,confirmada na planilha
EF89LP16,EF08LP14,relacionada,EF89LP16,confirmada na planilha
EF89LP16,EF08LP16,relacionada,EF89LP16,confirmada na planilha
EF89LP16,EF89LP31,relacionada,EF89LP16; EF89LP16,confirmada na planilha
EF89LP16,EF89LP05,relacionada,EF89LP16; EF89LP16,confirmada na planilha
EF89LP17,EF89LP18,relacionada,EF89LP17; EF89LP17,confirmada na planilha
EF89LP17,EF69LP20,relacionada,EF89LP17; EF89LP17,confirmada na planilha
EF89LP17,EF89LP22,relacionada,EF89LP17; EF89LP17,confirmada na planilha
EF89LP17,EF89LP19,relacionada,EF89LP17,confirmada na planilha
EF89LP17,EF89LP20,relacionada,EF89LP17,confirmada na planilha
EF89LP17,EF89LP23,relacionada,EF89LP17,confirmada na planilha
EF89LP17,EF08LP07,relacionada,EF89LP17,confirmada na planilha
EF89LP17,EF08LP08,relacionada,EF89LP17,confirmada na planilha
EF89LP17,EF08LP09,relacionada,EF89LP17,confirmada na planilha
EF89LP17,EF08LP10,relacionada,EF89LP17,confirmada na planilha
EF89LP17,EF08LP11,relacionada,EF89LP17,confirmada na planilha
EF89LP17,EF08LP12,relacionada,EF89LP17,confirmada na planilha
EF89LP17,EF08LP13,relacionada,EF89LP17,confirmada na planilha
EF89LP17,EF08LP14,relacionada,EF89LP17,confirmada na planilha
EF89LP17,EF08LP15,relacionada,EF89LP17,confirmada na planilha
EF89LP17,EF08LP16,relacionada,EF89LP17,confirmada na planilha
EF89LP17,EF69LP28,relacionada,EF89LP17; EF89LP17; EF89LP17,confirmada na planilha
EF89LP17,EF89LP31,relacionada,EF89LP17; EF89LP17,confirmada na planilha
EF89LP17,EF89LP32,relacionada,EF89LP17; EF89LP17,confirmada na planilha
EF67LP17,EF89LP19,pre_requisito,EF89LP19; EF89LP19,confirmada na planilha
EF89LP19,EF89LP18,relacionada,EF89LP19; EF89LP19,confirmada na planilha
EF89LP19,EF89LP22,relacionada,EF89LP19; EF89LP19,confirmada na planilha
EF89LP19,EF89LP28,relacionada,EF89LP19; EF89LP19,confirmada na planilha
EF89LP19,EF89LP17,relacionada,EF89LP19; EF89LP19,confirmada na planilha
EF89LP19,EF89LP20,relacionada,EF89LP19; EF89LP19,confirmada na planilha
EF89LP19,EF89LP23,relacionada,EF89LP19; EF89LP19,confirmada na planilha
EF89LP19,EF08LP07,relacionada,EF89LP19,confirmada na planilha
EF89LP19,EF08LP08,relacionada,EF89LP19,confirmada na planilha
EF89LP19,EF08LP09,relacionada,EF89LP19,confirmada na planilha
EF89LP19,EF08LP10,relacionada,EF89LP19,confirmada na planilha
EF89LP19,EF08LP11,relacionada,EF89LP19,confirmada na planilha
EF89LP19,EF08LP12,relacionada,EF89LP19,confirmada na planilha
EF89LP19,EF08LP13,relacionada,EF89LP19,confirmada na planilha
EF89LP19,EF08LP14,relacionada,EF89LP19,confirmada na planilha
EF89LP19,EF08LP15,relacionada,EF89LP19,confirmada na planilha
EF89LP19,EF08LP16,relacionada,EF89LP19,confirmada na planilha
EF89LP19,EF89LP31,relacionada,EF89LP19; EF89LP19,confirmada na planilha
EF89LP19,EF89LP05,relacionada,EF89LP19; EF89LP19,confirmada na planilha
EF89LP19,EF67LP17,mencao_comentario,EF89LP19; EF89LP19,confirmada na planilha
EF89LP19,EF08LP08,mencao_comentario,EF89LP19; EF89LP19,confirmada na planilha
EF89LP20,EF89LP22,relacionada,EF89LP20; EF89LP20,confirmada na planilha
EF89LP20,EF89LP18,relacionada,EF89LP20; EF89LP20,confirmada na planilha
EF89LP20,EF89LP27,relacionada,EF89LP20; EF89LP20,confirmada na planilha
EF89LP20,EF89LP28,relacionada,EF89LP20; EF89LP20,confirmada na planilha
EF89LP20,EF89LP17,relacionada,EF89LP20; EF89LP20,confirmada na planilha
EF89LP20,EF89LP19,relacionada,EF89LP20; EF89LP20,confirmada na planilha
EF89LP20,EF89LP23,relacionada,EF89LP20; EF89LP20,confirmada na planilha
EF89LP20,EF08LP07,relacionada,EF89LP20,confirmada na planilha
EF89LP20,EF08LP08,relacionada,EF89LP20,confirmada na planilha
EF89LP20,EF08LP09,relacionada,EF89LP20,confirmada na planilha
EF89LP20,EF08LP10,relacionada,EF89LP20,confirmada na planilha
EF89LP20,EF08LP11,relacionada,EF89LP20,confirmada na planilha
EF89LP20,EF08LP12,relacionada,EF89LP20,confirmada na planilha
EF89LP20,EF08LP13,relacionada,EF89LP20,confirmada na planilha
EF89LP20,EF08LP14,relacionada,EF89LP20,confirmada na planilha
EF89LP20,EF08LP15,relacionada,EF89LP20,confirmada na planilha
EF89LP20,EF08LP16,relacionada,EF89LP20,confirmada na planilha
EF89LP20,EF89LP31,relacionada,EF89LP20; EF89LP20,confirmada na planilha
EF67LP20,EF89LP21,pre_requisito,EF89LP21,confirmada na planilha
EF89LP21,EF69LP14,relacionada,EF89LP21; EF89LP21,confirmada na planilha
EF89LP21,EF89LP17,relacionada,EF89LP21; EF89LP21,confirmada na planilha
EF89LP21,EF89LP19,relacionada,EF89LP21; EF89LP21,confirmada na planilha
EF89LP21,EF89LP20,relacionada,EF89LP21; EF89LP21,confirmada na planilha
EF89LP21,EF89LP23,relacionada,EF89LP21; EF89LP21,confirmada na planilha
EF89LP21,EF89LP24,relacionada,EF89LP21; EF89LP21,confirmada na planilha
EF89LP21,EF08LP07,relacionada,EF89LP21,confirmada na planilha
EF89LP21,EF08LP08,relacionada,EF89LP21,confirmada na planilha
EF89LP21,EF08LP09,relacionada,EF89LP21,confirmada na planilha
EF89LP21,EF08LP10,relacionada,EF89LP21,confirmada na planilha
EF89LP21,EF08LP11,relacionada,EF89LP21,confirmada na planilha
EF89LP21,EF08LP12,relacionada,EF89LP21,confirmada na planilha
EF89LP21,EF08LP13,relacionada,EF89LP21,confirmada na planilha
EF89LP21,EF08LP14,relacionada,EF89LP21,confirmada na planilha
EF89LP21,EF08LP15,relacionada,EF89LP21,confirmada na planilha
EF89LP21,EF08LP16,relacionada,EF89LP21,confirmada na planilha
EF89LP23,EF89LP22,relacionada,EF89LP23; EF89LP23,confirmada na planilha
EF89LP23,EF89LP27,relacionada,EF89LP23; EF89LP23,confirmada na planilha
EF89LP23,EF89LP28,relacionada,EF89LP23; EF89LP23,confirmada na planilha
EF89LP23,EF89LP14,relacionada,EF89LP23; EF89LP23,confirmada na planilha
EF89LP23,EF89LP17,relacionada,EF89LP23; EF89LP23,confirmada na planilha
EF89LP23,EF89LP19,relacionada,EF89LP23; EF89LP23,confirmada na planilha
EF89LP23,EF89LP20,relacionada,EF89LP23; EF89LP23,confirmada na planilha
EF89LP23,EF08LP07,relacionada,EF89LP23,confirmada na planilha
EF89LP23,EF08LP08,relacionada,EF89LP23,confirmada na planilha
EF89LP23,EF08LP09,relacionada,EF89LP23,confirmada na planilha
EF89LP23,EF08LP10,relacionada,EF89LP23,confirmada na planilha
EF89LP23,EF08LP11,relacionada,EF89LP23,confirmada na planilha
EF89LP23,EF08LP12,relacionada,EF89LP23,confirmada na planilha
EF89LP23,EF08LP13,relacionada,EF89LP23,confirmada na planilha
EF89LP23,EF08LP14,relacionada,EF89LP23,confirmada na planilha
EF89LP23,EF08LP15,relacionada,EF89LP23,confirmada na planilha
EF89LP23,EF08LP16,relacionada,EF89LP23,confirmada na planilha
EF89LP23,EF89LP31,relacionada,EF89LP23; EF89LP23,confirmada na planilha
EF89LP23,EF89LP29,relacionada,EF89LP23; EF89LP23,confirmada na planilha
EF89LP23,EF89LP14,mencao_comentario,EF89LP23; EF89LP23,confirmada na planilha
EF89LP23,EF89LP19,mencao_comentario,EF89LP23; EF89LP23,confirmada na planilha
EF67LP20,EF89LP24,pre_requisito,EF89LP24; EF89LP24,confirmada na planilha
EF89LP24,EF89LP28,relacionada,EF89LP24; EF89LP24,confirmada na planilha
EF89LP24,EF69LP38,relacionada,EF89LP24; EF89LP24,confirmada na planilha
EF89LP24,EF89LP25,relacionada,EF89LP24; EF89LP24,confirmada na planilha
EF89LP24,EF89LP30,relacionada,EF89LP24; EF89LP24,confirmada na planilha
EF89LP24,EF67LP20,mencao_comentario,EF89LP24,confirmada na planilha
EF67LP21,EF89LP25,pre_requisito,EF89LP25; EF89LP25,confirmada na planilha
EF67LP25,EF89LP25,pre_requisito,EF89LP25,confirmada na planilha
EF89LP25,EF69LP35,relacionada,EF89LP25; EF89LP25,confirmada na planilha
EF89LP25,EF69LP36,relacionada,EF89LP25; EF89LP25,confirmada na planilha
EF89LP25,EF69LP38,relacionada,EF89LP25; EF89LP25,confirmada na planilha
EF89LP25,EF89LP24,relacionada,EF89LP25; EF89LP25,confirmada na planilha
EF89LP25,EF89LP29,relacionada,EF89LP25; EF89LP25,confirmada na planilha
EF89LP25,EF89LP31,relacionada,EF89LP25; EF89LP25,confirmada na planilha
EF89LP25,EF67LP21,mencao_comentario,EF89LP25,confirmada na planilha
EF67LP25,EF89LP26,pre_requisito,EF89LP26,confirmada na planilha
EF67LP22,EF89LP26,pre_requisito,EF89LP26; EF89LP26,confirmada na planilha
EF89LP26,EF69LP35,relacionada,EF89LP26; EF89LP26,confirmada na planilha
EF89LP26,EF69LP36,relacionada,EF89LP26; EF89LP26,confirmada na planilha
EF89LP26,EF08LP04,relacionada,EF89LP26,confirmada na planilha
EF89LP26,EF08LP05,relacionada,EF89LP26,confirmada na planilha
EF89LP26,EF89LP31,relacionada,EF89LP26; EF89LP26,confirmada na planilha
EF89LP26,EF89LP29,relacionada,EF89LP26; EF89LP26,confirmada na planilha
EF89LP26,EF67LP22,mencao_comentario,EF89LP26,confirmada na planilha
EF67LP01,EF89LP30,pre_requisito,EF89LP30; EF89LP30,confirmada na planilha
EF89LP30,EF89LP28,relacionada,EF89LP30; EF89LP30,confirmada na planilha
EF89LP30,EF89LP24,relacionada,EF89LP30; EF89LP30,confirmada na planilha
EF89LP30,EF89LP25,relacionada,EF89LP30; EF89LP30,confirmada na planilha
EF89LP30,EF89LP05,relacionada,EF89LP30; EF89LP30,confirmada na planilha
EF67LP27,EF89LP35,pre_requisito,EF89LP35,confirmada na planilha
EF67LP30,EF89LP35,pre_requisito,EF89LP35; EF89LP35,confirmada na planilha
EF67LP31,EF89LP35,pre_requisito,EF89LP35,confirmada na planilha
EF89LP35,EF89LP32,relacionada,EF89LP35; EF89LP35; EF89LP35,confirmada na planilha
EF89LP35,EF89LP33,relacionada,EF89LP35; EF89LP35,confirmada na planilha
EF89LP35,EF69LP53,relacionada,EF89LP35; EF89LP35,confirmada na planilha
EF89LP35,EF69LP54,relacionada,EF89LP35; EF89LP35,confirmada na planilha
EF89LP35,EF08LP04,relacionada,EF89LP35,confirmada na planilha
EF89LP35,EF08LP05,relacionada,EF89LP35,confirmada na planilha
EF89LP35,EF08LP09,relacionada,EF89LP35,confirmada na planilha
EF89LP35,EF89LP37,relacionada,EF89LP35; EF89LP35,confirmada na planilha
EF89LP35,EF89LP29,relacionada,EF89LP35; EF89LP35,confirmada na planilha
EF89LP35,EF67LP31,mencao_comentario,EF89LP35,confirmada na planilha
EF67LP28,EF89LP36,pre_requisito,EF89LP36,confirmada na planilha
EF67LP27,EF89LP36,pre_requisito,EF89LP36; EF89LP36,confirmada na planilha
EF67LP31,EF89LP36,pre_requisito,EF89LP36,confirmada na planilha
EF89LP36,EF69LP48,relacionada,EF89LP36; EF89LP36,confirmada na planilha
EF89LP36,EF69LP53,relacionada,EF89LP36; EF89LP36,confirmada na planilha
EF89LP36,EF69LP54,relacionada,EF89LP36; EF89LP36,confirmada na planilha
EF89LP36,EF08LP04,relacionada,EF89LP36,confirmada na planilha
EF89LP36,EF08LP06,relacionada,EF89LP36,confirmada na planilha
EF89LP36,EF89LP37,relacionada,EF89LP36; EF89LP36,confirmada na planilha
EF89LP36,EF89LP32,relacionada,EF89LP36; EF89LP36,confirmada na planilha
EF89LP36,EF67LP31,mencao_comentario,EF89LP36,confirmada na planilha
EF08LP01,EF09LP01,pre_requisito,EF09LP01,confirmada na planilha
EF89LP30,EF09LP01,pre_requisito,EF09LP01,confirmada na planilha
EF09LP01,EF69LP01,relacionada,EF09LP01,confirmada na planilha
EF09LP01,EF69LP03,relacionada,EF09LP01,confirmada na planilha
EF09LP01,EF89LP02,relacionada,EF09LP01,confirmada na planilha
EF09LP01,EF89LP07,relacionada,EF09LP01,confirmada na planilha
EF09LP01,EF09LP02,relacionada,EF09LP01,confirmada na planilha
EF09LP01,EF89LP03,relacionada,EF09LP01,confirmada na planilha
EF09LP01,EF89LP04,relacionada,EF09LP01,confirmada na planilha
EF09LP01,EF89LP06,relacionada,EF09LP01,confirmada na planilha
EF09LP01,EF89LP14,relacionada,EF09LP01,confirmada na planilha
EF09LP01,EF89LP16,relacionada,EF09LP01,confirmada na planilha
EF09LP01,EF09LP08,relacionada,EF09LP01,confirmada na planilha
EF09LP01,EF09LP11,relacionada,EF09LP01,confirmada na planilha
EF09LP01,EF89LP05,relacionada,EF09LP01,confirmada na planilha
EF09LP01,EF89LP32,relacionada,EF09LP01,confirmada na planilha
EF09LP01,EM13LP38,pre_requisito,EF09LP01,confirmada na planilha
EF09LP01,EM13LP39,pre_requisito,EF09LP01,confirmada na planilha
EF09LP01,EM13LP40,pre_requisito,EF09LP01,confirmada na planilha
EF07LP02,EF09LP02,pre_requisito,EF09LP02,confirmada na planilha
EF08LP02,EF09LP02,pre_requisito,EF09LP02,confirmada na planilha
EF09LP02,EF89LP02,relacionada,EF09LP02,confirmada na planilha
EF09LP02,EF89LP07,relacionada,EF09LP02,confirmada na planilha
EF09LP02,EF69LP03,relacionada,EF09LP02,confirmada na planilha
EF09LP02,EF09LP01,relacionada,EF09LP02,confirmada na planilha
EF09LP02,EF89LP03,relacionada,EF09LP02,confirmada na planilha
EF09LP02,EF89LP04,relacionada,EF09LP02,confirmada na planilha
EF09LP02,EF89LP06,relacionada,EF09LP02,confirmada na planilha
EF09LP02,EF89LP14,relacionada,EF09LP02,confirmada na planilha
EF09LP02,EF89LP16,relacionada,EF09LP02,confirmada na planilha
EF09LP02,EF09LP08,relacionada,EF09LP02,confirmada na planilha
EF09LP02,EF09LP11,relacionada,EF09LP02,confirmada na planilha
EF09LP02,EF89LP05,relacionada,EF09LP02,confirmada na planilha
EF09LP02,EF89LP29,relacionada,EF09LP02,confirmada na planilha
EF09LP02,EF89LP32,relacionada,EF09LP02,confirmada na planilha
EF09LP02,EM13LP41,pre_requisito,EF09LP02,confirmada na planilha
EF67LP02,EF09LP03,pre_requisito,EF09LP03,confirmada na planilha
EF67LP04,EF09LP03,pre_requisito,EF09LP03,confirmada na planilha
EF08LP03,EF09LP03,pre_requisito,EF09LP03,confirmada na planilha
EF09LP03,EF69LP18,relacionada,EF09LP03,confirmada na planilha
EF09LP03,EF89LP03,relacionada,EF09LP03,confirmada na planilha
EF09LP03,EF89LP04,relacionada,EF09LP03,confirmada na planilha
EF09LP03,EF89LP06,relacionada,EF09LP03,confirmada na planilha
EF09LP03,EF89LP14,relacionada,EF09LP03,confirmada na planilha
EF09LP03,EF89LP16,relacionada,EF09LP03,confirmada na planilha
EF09LP03,EF09LP04,relacionada,EF09LP03,confirmada na planilha
EF09LP03,EF09LP08,relacionada,EF09LP03,confirmada na planilha
EF09LP03,EF09LP11,relacionada,EF09LP03,confirmada na planilha
EF09LP03,EF89LP31,relacionada,EF09LP03,confirmada na planilha
EF09LP03,EM13LP05,pre_requisito,EF09LP03,confirmada na planilha
EF09LP03,EM13LP12,pre_requisito,EF09LP03,confirmada na planilha
EF09LP03,EM13LP45,pre_requisito,EF09LP03,confirmada na planilha
EF09LP03,EF08LP03,mencao_comentario,EF09LP03,confirmada na planilha
EF09LP03,EF89LP03,mencao_comentario,EF09LP03,confirmada na planilha
EF09LP03,EF89LP04,mencao_comentario,EF09LP03,confirmada na planilha
EF67LP12,EF89LP03,pre_requisito,EF89LP03,confirmada na planilha
EF08LP03,EF89LP03,pre_requisito,EF89LP03,confirmada na planilha
EF89LP03,EF09LP11,relacionada,EF89LP03,confirmada na planilha
EF89LP03,EF89LP05,relacionada,EF89LP03,confirmada na planilha
EF89LP03,EF89LP29,relacionada,EF89LP03,confirmada na planilha
EF89LP03,EF89LP31,relacionada,EF89LP03,confirmada na planilha
EF89LP03,EM13LP05,pre_requisito,EF89LP03,confirmada na planilha
EF89LP03,EM13LP40,pre_requisito,EF89LP03,confirmada na planilha
EF67LP04,EF89LP04,pre_requisito,EF89LP04,confirmada na planilha
EF89LP04,EF89LP05,relacionada,EF89LP04,confirmada na planilha
EF89LP04,EM13LP05,pre_requisito,EF89LP04,confirmada na planilha
EF89LP06,EF09LP11,relacionada,EF89LP06,confirmada na planilha
EF67LP09,EF89LP08,pre_requisito,EF89LP08,confirmada na planilha
EF89LP08,EF09LP08,relacionada,EF89LP08,confirmada na planilha
EF89LP08,EF09LP10,relacionada,EF89LP08,confirmada na planilha
EF89LP08,EM13LP45,pre_requisito,EF89LP08,confirmada na planilha
EF67LP10,EF89LP09,pre_requisito,EF89LP09,confirmada na planilha
EF08LP04,EF89LP09,pre_requisito,EF89LP09,confirmada na planilha
EF89LP09,EF09LP04,relacionada,EF89LP09,confirmada na planilha
EF89LP09,EF09LP08,relacionada,EF89LP09,confirmada na planilha
EF89LP09,EF09LP11,relacionada,EF89LP09,confirmada na planilha
EF89LP09,EM13LP45,pre_requisito,EF89LP09,confirmada na planilha
EF08LP03,EF89LP10,pre_requisito,EF89LP10,confirmada na planilha
EF89LP10,EF89LP05,relacionada,EF89LP10,confirmada na planilha
EF89LP10,EF09LP11,relacionada,EF89LP10,confirmada na planilha
EF89LP10,EM13LP05,pre_requisito,EF89LP10,confirmada na planilha
EF89LP11,EF09LP04,relacionada,EF89LP11,confirmada na planilha
EF89LP11,EF09LP08,relacionada,EF89LP11,confirmada na planilha
EF89LP11,EF09LP11,relacionada,EF89LP11,confirmada na planilha
EF89LP11,EM13LP44,pre_requisito,EF89LP11,confirmada na planilha
EF89LP11,EM13LP14,pre_requisito,EF89LP11,confirmada na planilha
EF89LP12,EF09LP04,relacionada,EF89LP12,confirmada na planilha
EF89LP12,EM13LP11,pre_requisito,EF89LP12,confirmada na planilha
EF89LP12,EM13LP12,pre_requisito,EF89LP12,confirmada na planilha
EF89LP14,EF09LP06,relacionada,EF89LP14,confirmada na planilha
EF89LP14,EF09LP08,relacionada,EF89LP14,confirmada na planilha
EF89LP14,EF09LP09,relacionada,EF89LP14,confirmada na planilha
EF89LP16,EF09LP06,relacionada,EF89LP16,confirmada na planilha
EF89LP16,EF09LP09,relacionada,EF89LP16,confirmada na planilha
EF89LP16,EF09LP08,relacionada,EF89LP16,confirmada na planilha
EF89LP16,EF09LP11,relacionada,EF89LP16,confirmada na planilha
EF89LP16,EM13LP07,pre_requisito,EF89LP16,confirmada na planilha
EF89LP17,EF09LP11,relacionada,EF89LP17,confirmada na planilha
EF89LP17,EM13LP26,pre_requisito,EF89LP17,confirmada na planilha
EF89LP19,EF89LP27,relacionada,EF89LP19,confirmada na planilha
EF89LP19,EF09LP11,relacionada,EF89LP19,confirmada na planilha
EF89LP19,EF89LP29,relacionada,EF89LP19,confirmada na planilha
EF89LP19,EM13LP27,pre_requisito,EF89LP19,confirmada na planilha
EF89LP20,EF89LP04,relacionada,EF89LP20,confirmada na planilha
EF89LP20,EF09LP08,relacionada,EF89LP20,confirmada na planilha
EF89LP20,EF09LP11,relacionada,EF89LP20,confirmada na planilha
EF89LP20,EM13LP23,pre_requisito,EF89LP20,confirmada na planilha
EF89LP20,EM13LP27,pre_requisito,EF89LP20,confirmada na planilha
EF89LP21,EM13LP32,pre_requisito,EF89LP21,confirmada na planilha
EF89LP21,EM13LP33,pre_requisito,EF89LP21,confirmada na planilha
EF89LP23,EF09LP06,relacionada,EF89LP23,confirmada na planilha
EF89LP23,EF09LP08,relacionada,EF89LP23,confirmada na planilha
EF89LP23,EF09LP09,relacionada,EF89LP23,confirmada na planilha
EF89LP23,EM13LP12,pre_requisito,EF89LP23,confirmada na planilha
EF89LP24,EM13LP11,pre_requisito,EF89LP24,confirmada na planilha
EF89LP24,EM13LP12,pre_requisito,EF89LP24,confirmada na planilha
EF89LP24,EM13LP28,pre_requisito,EF89LP24,confirmada na planilha
EF89LP24,EM13LP31,pre_requisito,EF89LP24,confirmada na planilha
EF89LP25,EM13LP34,pre_requisito,EF89LP25,confirmada na planilha
EF89LP25,EM13LP17,pre_requisito,EF89LP25,confirmada na planilha
EF89LP25,EM13LP29,pre_requisito,EF89LP25,confirmada na planilha
EF67LP11,EF89LP26,pre_requisito,EF89LP26,confirmada na planilha
EF89LP26,EF09LP04,relacionada,EF89LP26,confirmada na planilha
EF89LP26,EF09LP08,relacionada,EF89LP26,confirmada na planilha
EF89LP26,EF09LP11,relacionada,EF89LP26,confirmada na planilha
EF89LP26,EM13LP02,pre_requisito,EF89LP26,confirmada na planilha
EF89LP26,EM13LP29,pre_requisito,EF89LP26,confirmada na planilha
EF89LP26,EM13LP21,pre_requisito,EF89LP26,confirmada na planilha
EF89LP26,EF89LP29,mencao_comentario,EF89LP26,confirmada na planilha
EF89LP26,EF89LP31,mencao_comentario,EF89LP26,confirmada na planilha
EF67LP26,EF89LP30,pre_requisito,EF89LP30,confirmada na planilha
EF89LP30,EM13LP31,pre_requisito,EF89LP30,confirmada na planilha
EF89LP30,EM13LP32,pre_requisito,EF89LP30,confirmada na planilha
EF89LP30,EM13LP34,pre_requisito,EF89LP30,confirmada na planilha
EF89LP35,EF09LP04,relacionada,EF89LP35,confirmada na planilha
EF89LP35,EF89LP05,relacionada,EF89LP35,confirmada na planilha
EF89LP35,EF09LP08,relacionada,EF89LP35,confirmada na planilha
EF89LP35,EF09LP11,relacionada,EF89LP35,confirmada na planilha
EF89LP35,EM13LP47,pre_requisito,EF89LP35,confirmada na planilha
EF89LP35,EM13LP21,pre_requisito,EF89LP35,confirmada na planilha
EF89LP36,EF09LP06,relacionada,EF89LP36,confirmada na planilha
EF89LP36,EM13LP54,pre_requisito,EF89LP36,confirmada na planilha
EF01MA04,EF01MA01,relacionada,EF01MA04,confirmada na planilha
EF01MA04,EF01MA02,relacionada,EF01MA04,confirmada na planilha
EF01MA04,EF01MA19,relacionada,EF01MA04,confirmada na planilha
EF01MA04,EF01MA05,pre_requisito,EF01MA05,confirmada na planilha
EF01MA05,EF01MA03,relacionada,EF01MA05,confirmada na planilha
EF01MA07,EF01MA19,relacionada,EF01MA07,confirmada na planilha
EF01MA05,EF01MA08,pre_requisito,EF01MA08,confirmada na planilha
EF01MA08,EF01MA06,relacionada,EF01MA08,confirmada na planilha
EF01MA12,EF01MA11,relacionada,EF01MA12,confirmada na planilha
EF01MA14,EF01MA13,relacionada,EF01MA14,confirmada na planilha
EF01MA17,EF01MA16,relacionada,EF01MA17,confirmada na planilha
EF01MA05,EF01MA21,pre_requisito,EF01MA21,confirmada na planilha
EF01MA21,EF01MA22,relacionada,EF01MA21,confirmada na planilha
EF01MA04,EF02MA01,pre_requisito,EF02MA01,confirmada na planilha
EF02MA01,EF02MA04,pre_requisito,EF02MA04,confirmada na planilha
EF01MA07,EF02MA04,pre_requisito,EF02MA04,confirmada na planilha
EF01MA08,EF02MA06,pre_requisito,EF02MA06,confirmada na planilha
EF02MA04,EF02MA06,pre_requisito,EF02MA06,confirmada na planilha
EF02MA05,EF02MA06,pre_requisito,EF02MA06,confirmada na planilha
EF02MA06,EF02MA08,relacionada,EF02MA06,confirmada na planilha
EF02MA01,EF02MA09,pre_requisito,EF02MA09,confirmada na planilha
EF02MA09,EF02MA10,relacionada,EF02MA09,confirmada na planilha
EF02MA09,EF02MA11,relacionada,EF02MA09,confirmada na planilha
EF01MA12,EF02MA12,pre_requisito,EF02MA12,confirmada na planilha
EF02MA12,EF02MA13,relacionada,EF02MA12,confirmada na planilha
EF01MA14,EF02MA14,pre_requisito,EF02MA14,confirmada na planilha
EF01MA14,EF02MA15,pre_requisito,EF02MA15,confirmada na planilha
EF01MA15,EF02MA16,pre_requisito,EF02MA16,confirmada na planilha
EF02MA16,EF02MA17,relacionada,EF02MA16,confirmada na planilha
EF01MA17,EF02MA18,pre_requisito,EF02MA18,confirmada na planilha
EF02MA18,EF02MA19,relacionada,EF02MA18,confirmada na planilha
EF02MA04,EF02MA20,pre_requisito,EF02MA20,confirmada na planilha
EF01MA21,EF02MA22,pre_requisito,EF02MA22,confirmada na planilha
EF02MA22,EF02MA23,relacionada,EF02MA22,confirmada na planilha
EF02MA01,EF03MA01,pre_requisito,EF03MA01,confirmada na planilha
EF03MA01,EF03MA04,relacionada,EF03MA01,confirmada na planilha
EF02MA04,EF03MA02,pre_requisito,EF03MA02,confirmada na planilha
EF03MA01,EF03MA02,pre_requisito,EF03MA02,confirmada na planilha
EF02MA06,EF03MA05,pre_requisito,EF03MA05,confirmada na planilha
EF03MA02,EF03MA05,pre_requisito,EF03MA05,confirmada na planilha
EF03MA05,EF03MA03,relacionada,EF03MA05,confirmada na planilha
EF03MA05,EF03MA04,relacionada,EF03MA05,confirmada na planilha
EF03MA05,EF03MA11,relacionada,EF03MA05,confirmada na planilha
EF03MA07,EF03MA06,pre_requisito,EF03MA06,confirmada na planilha
EF03MA06,EF03MA09,relacionada,EF03MA06,confirmada na planilha
EF03MA02,EF03MA07,pre_requisito,EF03MA07,confirmada na planilha
EF03MA05,EF03MA07,pre_requisito,EF03MA07,confirmada na planilha
EF03MA07,EF03MA08,relacionada,EF03MA07,confirmada na planilha
EF02MA09,EF03MA10,pre_requisito,EF03MA10,confirmada na planilha
EF03MA01,EF03MA10,pre_requisito,EF03MA10,confirmada na planilha
EF03MA05,EF03MA10,pre_requisito,EF03MA10,confirmada na planilha
EF02MA14,EF03MA14,pre_requisito,EF03MA14,confirmada na planilha
EF03MA14,EF03MA12,relacionada,EF03MA14,confirmada na planilha
EF03MA14,EF03MA13,relacionada,EF03MA14,confirmada na planilha
EF03MA14,EF03MA21,relacionada,EF03MA14,confirmada na planilha
EF01MA14,EF03MA15,pre_requisito,EF03MA15,confirmada na planilha
EF03MA15,EF03MA16,relacionada,EF03MA15,confirmada na planilha
EF03MA15,EF03MA21,relacionada,EF03MA15,confirmada na planilha
EF03MA15,EF03MA14,mencao_comentario,EF03MA15,confirmada na planilha
EF02MA16,EF03MA19,pre_requisito,EF03MA19,confirmada na planilha
EF03MA19,EF03MA17,relacionada,EF03MA19,confirmada na planilha
EF03MA19,EF03MA18,relacionada,EF03MA19,confirmada na planilha
EF03MA19,EF02MA16,mencao_comentario,EF03MA19,confirmada na planilha
EF02MA18,EF03MA23,pre_requisito,EF03MA23,confirmada na planilha
EF03MA23,EF03MA22,relacionada,EF03MA23,confirmada na planilha
EF03MA23,EF01MA17,mencao_comentario,EF03MA23,confirmada na planilha
EF02MA20,EF03MA24,pre_requisito,EF03MA24,confirmada na planilha
EF03MA24,EF02MA20,mencao_comentario,EF03MA24,confirmada na planilha
EF02MA22,EF03MA27,pre_requisito,EF03MA27,confirmada na planilha
EF03MA27,EF03MA26,relacionada,EF03MA27,confirmada na planilha
EF03MA27,EF03MA28,pre_requisito,EF03MA28,confirmada na planilha
EF03MA01,EF04MA01,pre_requisito,EF04MA01,confirmada na planilha
EF03MA02,EF04MA01,pre_requisito,EF04MA01,confirmada na planilha
EF03MA02,EF04MA02,pre_requisito,EF04MA02,confirmada na planilha
EF03MA05,EF04MA03,pre_requisito,EF04MA03,confirmada na planilha
EF04MA01,EF04MA03,pre_requisito,EF04MA03,confirmada na planilha
EF04MA03,EF04MA04,relacionada,EF04MA03,confirmada na planilha
EF04MA03,EF04MA05,relacionada,EF04MA03,confirmada na planilha
EF04MA03,EF04MA13,relacionada,EF04MA03,confirmada na planilha
EF04MA03,EF04MA25,relacionada,EF04MA03,confirmada na planilha
EF03MA07,EF04MA06,pre_requisito,EF04MA06,confirmada na planilha
EF04MA01,EF04MA06,pre_requisito,EF04MA06,confirmada na planilha
EF04MA06,EF04MA04,relacionada,EF04MA06,confirmada na planilha
EF04MA06,EF04MA05,relacionada,EF04MA06,confirmada na planilha
EF04MA06,EF04MA08,relacionada,EF04MA06,confirmada na planilha
EF04MA06,EF04MA11,relacionada,EF04MA06,confirmada na planilha
EF04MA06,EF04MA13,relacionada,EF04MA06,confirmada na planilha
EF04MA06,EF03MA07,mencao_comentario,EF04MA06,confirmada na planilha
EF03MA07,EF04MA07,pre_requisito,EF04MA07,confirmada na planilha
EF04MA01,EF04MA07,pre_requisito,EF04MA07,confirmada na planilha
EF04MA07,EF04MA12,relacionada,EF04MA07,confirmada na planilha
EF04MA07,EF04MA13,relacionada,EF04MA07,confirmada na planilha
EF04MA07,EF04MA09,pre_requisito,EF04MA09,confirmada na planilha
EF04MA09,EF04MA10,relacionada,EF04MA09,confirmada na planilha
EF03MA05,EF04MA15,pre_requisito,EF04MA15,confirmada na planilha
EF04MA15,EF04MA05,relacionada,EF04MA15,confirmada na planilha
EF03MA14,EF04MA17,pre_requisito,EF04MA17,confirmada na planilha
EF04MA17,EF04MA16,relacionada,EF04MA17,confirmada na planilha
EF03MA15,EF04MA18,pre_requisito,EF04MA18,confirmada na planilha
EF04MA18,EF04MA19,relacionada,EF04MA18,confirmada na planilha
EF03MA19,EF04MA20,pre_requisito,EF04MA20,confirmada na planilha
EF03MA20,EF04MA20,pre_requisito,EF04MA20,confirmada na planilha
EF04MA20,EF04MA19,relacionada,EF04MA20,confirmada na planilha
EF04MA20,EF04MA21,relacionada,EF04MA20,confirmada na planilha
EF04MA20,EF03MA19,mencao_comentario,EF04MA20,confirmada na planilha
EF03MA23,EF04MA22,pre_requisito,EF04MA22,confirmada na planilha
EF04MA22,EF03MA23,mencao_comentario,EF04MA22,confirmada na planilha
EF03MA27,EF04MA27,pre_requisito,EF04MA27,confirmada na planilha
EF04MA27,EF04MA23,relacionada,EF04MA27,confirmada na planilha
EF04MA27,EF04MA24,relacionada,EF04MA27,confirmada na planilha
EF04MA27,EF03MA27,mencao_comentario,EF04MA27,confirmada na planilha
EF03MA28,EF04MA28,pre_requisito,EF04MA28,confirmada na planilha
EF04MA27,EF04MA28,pre_requisito,EF04MA28,confirmada na planilha
EF04MA28,EF04MA23,relacionada,EF04MA28,confirmada na planilha
EF04MA28,EF04MA24,relacionada,EF04MA28,confirmada na planilha
EF04MA28,EF03MA28,mencao_comentario,EF04MA28,confirmada na planilha
EF04MA01,EF05MA01,pre_requisito,EF05MA01,confirmada na planilha
EF04MA02,EF05MA01,pre_requisito,EF05MA01,confirmada na planilha
EF05MA01,EF05MA02,pre_requisito,EF05MA02,confirmada na planilha
EF04MA09,EF05MA03,pre_requisito,EF05MA03,confirmada na planilha
EF05MA03,EF05MA06,relacionada,EF05MA03,confirmada na planilha
EF05MA03,EF05MA04,pre_requisito,EF05MA04,confirmada na planilha
EF04MA09,EF05MA04,pre_requisito,EF05MA04,confirmada na planilha
EF05MA04,EF05MA03,mencao_comentario,EF05MA04,confirmada na planilha
EF05MA02,EF05MA05,pre_requisito,EF05MA05,confirmada na planilha
EF05MA03,EF05MA05,pre_requisito,EF05MA05,confirmada na planilha
EF05MA04,EF05MA05,pre_requisito,EF05MA05,confirmada na planilha
EF04MA02,EF05MA07,pre_requisito,EF05MA07,confirmada na planilha
EF05MA01,EF05MA08,pre_requisito,EF05MA08,confirmada na planilha
EF04MA06,EF05MA08,pre_requisito,EF05MA08,confirmada na planilha
EF04MA07,EF05MA08,pre_requisito,EF05MA08,confirmada na planilha
EF05MA08,EF05MA09,relacionada,EF05MA08,confirmada na planilha
EF05MA08,EF05MA13,relacionada,EF05MA08,confirmada na planilha
EF05MA08,EF05MA10,pre_requisito,EF05MA10,confirmada na planilha
EF04MA15,EF05MA10,pre_requisito,EF05MA10,confirmada na planilha
EF05MA10,EF05MA11,relacionada,EF05MA10,confirmada na planilha
EF05MA10,EF05MA12,relacionada,EF05MA10,confirmada na planilha
EF05MA10,EF04MA15,mencao_comentario,EF05MA10,confirmada na planilha
EF03MA14,EF05MA16,pre_requisito,EF05MA16,confirmada na planilha
EF04MA17,EF05MA16,pre_requisito,EF05MA16,confirmada na planilha
EF05MA16,EF05MA14,relacionada,EF05MA16,confirmada na planilha
EF05MA16,EF05MA15,relacionada,EF05MA16,confirmada na planilha
EF04MA18,EF05MA17,pre_requisito,EF05MA17,confirmada na planilha
EF05MA17,EF05MA18,relacionada,EF05MA17,confirmada na planilha
EF05MA02,EF05MA19,pre_requisito,EF05MA19,confirmada na planilha
EF04MA20,EF05MA19,pre_requisito,EF05MA19,confirmada na planilha
EF05MA19,EF05MA20,relacionada,EF05MA19,confirmada na planilha
EF05MA19,EF05MA21,relacionada,EF05MA19,confirmada na planilha
EF04MA26,EF05MA22,pre_requisito,EF05MA22,confirmada na planilha
EF05MA22,EF05MA23,relacionada,EF05MA22,confirmada na planilha
EF04MA27,EF05MA24,pre_requisito,EF05MA24,confirmada na planilha
EF05MA24,EF05MA25,relacionada,EF05MA24,confirmada na planilha
EF05MA24,EF04MA27,mencao_comentario,EF05MA24,confirmada na planilha
EF05MA01,EF06MA01,pre_requisito,EF06MA01,confirmada na planilha
EF05MA02,EF06MA01,pre_requisito,EF06MA01,confirmada na planilha
EF05MA05,EF06MA01,pre_requisito,EF06MA01,confirmada na planilha
EF05MA07,EF06MA01,pre_requisito,EF06MA01,confirmada na planilha
EF06MA01,EF06MA05,relacionada,EF06MA01,confirmada na planilha
EF06MA01,EF06MA12,relacionada,EF06MA01,confirmada na planilha
EF05MA02,EF06MA02,pre_requisito,EF06MA02,confirmada na planilha
EF05MA07,EF06MA03,pre_requisito,EF06MA03,confirmada na planilha
EF05MA08,EF06MA03,pre_requisito,EF06MA03,confirmada na planilha
EF06MA03,EF06MA04,relacionada,EF06MA03,confirmada na planilha
EF06MA03,EF06MA06,relacionada,EF06MA03,confirmada na planilha
EF06MA03,EF06MA23,relacionada,EF06MA03,confirmada na planilha
EF06MA01,EF06MA07,pre_requisito,EF06MA07,confirmada na planilha
EF05MA05,EF06MA08,pre_requisito,EF06MA08,confirmada na planilha
EF06MA07,EF06MA08,pre_requisito,EF06MA08,confirmada na planilha
EF06MA01,EF06MA10,pre_requisito,EF06MA10,confirmada na planilha
EF06MA07,EF06MA10,pre_requisito,EF06MA10,confirmada na planilha
EF06MA10,EF06MA09,relacionada,EF06MA10,confirmada na planilha
EF06MA01,EF06MA11,pre_requisito,EF06MA11,confirmada na planilha
EF06MA07,EF06MA11,pre_requisito,EF06MA11,confirmada na planilha
EF06MA08,EF06MA11,pre_requisito,EF06MA11,confirmada na planilha
EF06MA10,EF06MA11,pre_requisito,EF06MA11,confirmada na planilha
EF05MA06,EF06MA13,pre_requisito,EF06MA13,confirmada na planilha
EF06MA13,EF06MA15,relacionada,EF06MA13,confirmada na planilha
EF05MA10,EF06MA14,pre_requisito,EF06MA14,confirmada na planilha
EF05MA16,EF06MA17,pre_requisito,EF06MA17,confirmada na planilha
EF05MA17,EF06MA17,pre_requisito,EF06MA17,confirmada na planilha
EF06MA20,EF06MA18,pre_requisito,EF06MA18,confirmada na planilha
EF06MA25,EF06MA18,pre_requisito,EF06MA18,confirmada na planilha
EF05MA17,EF06MA18,pre_requisito,EF06MA18,confirmada na planilha
EF06MA18,EF06MA16,relacionada,EF06MA18,confirmada na planilha
EF06MA18,EF06MA21,relacionada,EF06MA18,confirmada na planilha
EF06MA18,EF06MA25,mencao_comentario,EF06MA18,confirmada na planilha
EF06MA18,EF06MA19,pre_requisito,EF06MA19,confirmada na planilha
EF06MA25,EF06MA19,pre_requisito,EF06MA19,confirmada na planilha
EF06MA25,EF06MA20,pre_requisito,EF06MA20,confirmada na planilha
EF06MA20,EF06MA22,relacionada,EF06MA20,confirmada na planilha
EF06MA20,EF06MA28,relacionada,EF06MA20,confirmada na planilha
EF06MA20,EF06MA29,relacionada,EF06MA20,confirmada na planilha
EF06MA20,EF06MA34,relacionada,EF06MA20,confirmada na planilha
EF05MA19,EF06MA24,pre_requisito,EF06MA24,confirmada na planilha
EF05MA17,EF06MA25,pre_requisito,EF06MA25,confirmada na planilha
EF06MA25,EF06MA26,relacionada,EF06MA25,confirmada na planilha
EF05MA22,EF06MA30,pre_requisito,EF06MA30,confirmada na planilha
EF06MA13,EF06MA30,pre_requisito,EF06MA30,confirmada na planilha
EF05MA24,EF06MA32,pre_requisito,EF06MA32,confirmada na planilha
EF06MA32,EF06MA31,relacionada,EF06MA32,confirmada na planilha
EF06MA32,EF06MA33,relacionada,EF06MA32,confirmada na planilha
EF06MA13,EF07MA02,pre_requisito,EF07MA02,confirmada na planilha
EF06MA08,EF07MA02,pre_requisito,EF07MA02,confirmada na planilha
EF07MA03,EF07MA04,pre_requisito,EF07MA04,confirmada na planilha
EF07MA04,EF07MA01,relacionada,EF07MA04,confirmada na planilha
EF07MA04,EF07MA07,relacionada,EF07MA04,confirmada na planilha
EF06MA07,EF07MA08,pre_requisito,EF07MA08,confirmada na planilha
EF07MA08,EF07MA33,relacionada,EF07MA08,confirmada na planilha
EF07MA08,EF07MA09,relacionada,EF07MA08,confirmada na planilha
EF06MA07,EF07MA10,pre_requisito,EF07MA10,confirmada na planilha
EF06MA10,EF07MA12,pre_requisito,EF07MA12,confirmada na planilha
EF07MA12,EF07MA11,relacionada,EF07MA12,confirmada na planilha
EF07MA13,EF07MA15,pre_requisito,EF07MA15,confirmada na planilha
EF07MA15,EF07MA14,relacionada,EF07MA15,confirmada na planilha
EF07MA15,EF07MA16,relacionada,EF07MA15,confirmada na planilha
EF06MA13,EF07MA17,pre_requisito,EF07MA17,confirmada na planilha
EF07MA13,EF07MA17,pre_requisito,EF07MA17,confirmada na planilha
EF06MA14,EF07MA18,pre_requisito,EF07MA18,confirmada na planilha
EF07MA13,EF07MA18,pre_requisito,EF07MA18,confirmada na planilha
EF06MA25,EF07MA24,pre_requisito,EF07MA24,confirmada na planilha
EF07MA24,EF07MA20,relacionada,EF07MA24,confirmada na planilha
EF07MA24,EF07MA22,relacionada,EF07MA24,confirmada na planilha
EF07MA24,EF07MA25,relacionada,EF07MA24,confirmada na planilha
EF07MA24,EF07MA26,relacionada,EF07MA24,confirmada na planilha
EF07MA24,EF07MA28,relacionada,EF07MA24,confirmada na planilha
EF06MA25,EF07MA27,pre_requisito,EF07MA27,confirmada na planilha
EF07MA24,EF07MA27,pre_requisito,EF07MA27,confirmada na planilha
EF06MA24,EF07MA30,pre_requisito,EF07MA30,confirmada na planilha
EF07MA30,EF07MA29,relacionada,EF07MA30,confirmada na planilha
EF06MA24,EF07MA31,pre_requisito,EF07MA31,confirmada na planilha
EF06MA24,EF07MA32,pre_requisito,EF07MA32,confirmada na planilha
EF07MA31,EF07MA32,pre_requisito,EF07MA32,confirmada na planilha
EF06MA30,EF07MA34,pre_requisito,EF07MA34,confirmada na planilha
EF06MA32,EF07MA35,pre_requisito,EF07MA35,confirmada na planilha
EF06MA32,EF07MA36,pre_requisito,EF07MA36,confirmada na planilha
EF07MA36,EF07MA37,relacionada,EF07MA36,confirmada na planilha
EF06MA11,EF08MA01,pre_requisito,EF08MA01,confirmada na planilha
EF07MA10,EF08MA01,pre_requisito,EF08MA01,confirmada na planilha
EF08MA01,EF08MA02,relacionada,EF08MA01,confirmada na planilha
EF08MA01,EF08MA05,relacionada,EF08MA01,confirmada na planilha
EF07MA02,EF08MA04,pre_requisito,EF08MA04,confirmada na planilha
EF07MA13,EF08MA06,pre_requisito,EF08MA06,confirmada na planilha
EF08MA06,EF08MA10,relacionada,EF08MA06,confirmada na planilha
EF08MA06,EF08MA11,relacionada,EF08MA06,confirmada na planilha
EF07MA18,EF08MA07,pre_requisito,EF08MA07,confirmada na planilha
EF08MA06,EF08MA08,pre_requisito,EF08MA08,confirmada na planilha
EF08MA07,EF08MA08,pre_requisito,EF08MA08,confirmada na planilha
EF07MA18,EF08MA08,pre_requisito,EF08MA08,confirmada na planilha
EF07MA17,EF08MA12,pre_requisito,EF08MA12,confirmada na planilha
EF08MA12,EF08MA09,relacionada,EF08MA12,confirmada na planilha
EF07MA17,EF08MA13,pre_requisito,EF08MA13,confirmada na planilha
EF08MA12,EF08MA13,pre_requisito,EF08MA13,confirmada na planilha
EF06MA19,EF08MA14,pre_requisito,EF08MA14,confirmada na planilha
EF06MA20,EF08MA14,pre_requisito,EF08MA14,confirmada na planilha
EF07MA24,EF08MA14,pre_requisito,EF08MA14,confirmada na planilha
EF08MA14,EF08MA15,relacionada,EF08MA14,confirmada na planilha
EF08MA14,EF08MA16,relacionada,EF08MA14,confirmada na planilha
EF08MA14,EF08MA17,relacionada,EF08MA14,confirmada na planilha
EF07MA31,EF08MA19,pre_requisito,EF08MA19,confirmada na planilha
EF07MA32,EF08MA19,pre_requisito,EF08MA19,confirmada na planilha
EF07MA30,EF08MA20,pre_requisito,EF08MA20,confirmada na planilha
EF06MA30,EF08MA22,pre_requisito,EF08MA22,confirmada na planilha
EF07MA35,EF08MA25,pre_requisito,EF08MA25,confirmada na planilha
EF08MA25,EF08MA23,relacionada,EF08MA25,confirmada na planilha
EF08MA25,EF08MA24,relacionada,EF08MA25,confirmada na planilha
EF06MA08,EF09MA02,pre_requisito,EF09MA02,confirmada na planilha
EF07MA10,EF09MA02,pre_requisito,EF09MA02,confirmada na planilha
EF09MA02,EF09MA01,relacionada,EF09MA02,confirmada na planilha
EF09MA02,EF09MA03,relacionada,EF09MA02,confirmada na planilha
EF09MA02,EM13MAT104,pre_requisito,EF09MA02,confirmada na planilha
EF09MA02,EM13MAT103,pre_requisito,EF09MA02,confirmada na planilha
EF07MA12,EF09MA04,pre_requisito,EF09MA04,confirmada na planilha
EF08MA01,EF09MA04,pre_requisito,EF09MA04,confirmada na planilha
EF09MA02,EF09MA04,pre_requisito,EF09MA04,confirmada na planilha
EF09MA04,EF09MA18,relacionada,EF09MA04,confirmada na planilha
EF09MA04,EM13MAT103,pre_requisito,EF09MA04,confirmada na planilha
EF09MA04,EM13MAT203,pre_requisito,EF09MA04,confirmada na planilha
EF09MA04,EM13MAT313,pre_requisito,EF09MA04,confirmada na planilha
EF08MA04,EF09MA05,pre_requisito,EF09MA05,confirmada na planilha
EF09MA05,EM13MAT101,pre_requisito,EF09MA05,confirmada na planilha
EF09MA05,EM13MAT303,pre_requisito,EF09MA05,confirmada na planilha
EF09MA05,EM13MAT304,pre_requisito,EF09MA05,confirmada na planilha
EF09MA05,EM13MAT404,pre_requisito,EF09MA05,confirmada na planilha
EF09MA05,EM13MAT507,pre_requisito,EF09MA05,confirmada na planilha
EF09MA05,EM13MAT508,pre_requisito,EF09MA05,confirmada na planilha
EF08MA06,EF09MA06,pre_requisito,EF09MA06,confirmada na planilha
EF07MA17,EF09MA06,pre_requisito,EF09MA06,confirmada na planilha
EF09MA06,EM13MAT101,pre_requisito,EF09MA06,confirmada na planilha
EF09MA06,EM13MAT401,pre_requisito,EF09MA06,confirmada na planilha
EF09MA06,EM13MAT402,pre_requisito,EF09MA06,confirmada na planilha
EF09MA06,EM13MAT404,pre_requisito,EF09MA06,confirmada na planilha
EF09MA06,EM13MAT501,pre_requisito,EF09MA06,confirmada na planilha
EF09MA06,EM13MAT502,pre_requisito,EF09MA06,confirmada na planilha
EF07MA17,EF09MA08,pre_requisito,EF09MA08,confirmada na planilha
EF08MA12,EF09MA08,pre_requisito,EF09MA08,confirmada na planilha
EF08MA13,EF09MA08,pre_requisito,EF09MA08,confirmada na planilha
EF09MA08,EF09MA07,relacionada,EF09MA08,confirmada na planilha
EF09MA08,EM13MAT101,pre_requisito,EF09MA08,confirmada na planilha
EF07MA18,EF09MA09,pre_requisito,EF09MA09,confirmada na planilha
EF09MA09,EM13MAT402,pre_requisito,EF09MA09,confirmada na planilha
EF07MA24,EF09MA10,pre_requisito,EF09MA10,confirmada na planilha
EF09MA10,EF09MA11,relacionada,EF09MA10,confirmada na planilha
EF07MA24,EF09MA12,pre_requisito,EF09MA12,confirmada na planilha
EF09MA12,EF09MA15,relacionada,EF09MA12,confirmada na planilha
EF09MA12,EM13MAT308,pre_requisito,EF09MA12,confirmada na planilha
EF09MA12,EF09MA13,pre_requisito,EF09MA13,confirmada na planilha
EF09MA13,EM13MAT308,pre_requisito,EF09MA13,confirmada na planilha
EF09MA10,EF09MA14,pre_requisito,EF09MA14,confirmada na planilha
EF09MA13,EF09MA14,pre_requisito,EF09MA14,confirmada na planilha
EF09MA14,EM13MAT105,pre_requisito,EF09MA14,confirmada na planilha
EF09MA14,EM13MAT308,pre_requisito,EF09MA14,confirmada na planilha
EF07MA34,EF09MA20,pre_requisito,EF09MA20,confirmada na planilha
EF08MA22,EF09MA20,pre_requisito,EF09MA20,confirmada na planilha
EF09MA20,EM13MAT312,pre_requisito,EF09MA20,confirmada na planilha
EF07MA35,EF09MA22,pre_requisito,EF09MA22,confirmada na planilha
EF08MA25,EF09MA22,pre_requisito,EF09MA22,confirmada na planilha
EF09MA22,EF09MA21,relacionada,EF09MA22,confirmada na planilha
EF09MA22,EF09MA23,relacionada,EF09MA22,confirmada na planilha
EF09MA22,EM13MAT102,pre_requisito,EF09MA22,confirmada na planilha
EF09MA22,EM13MAT202,pre_requisito,EF09MA22,confirmada na planilha
EF09MA22,EM13MAT316,pre_requisito,EF09MA22,confirmada na planilha
EF01CI03,EF01CI04,relacionada_visao_geral,EF01CI03 + EF01CI04,confirmada na planilha
EF01CI05,EF01CI06,relacionada_visao_geral,EF01CI05 + EF01CI06,confirmada na planilha
EF02CI01,EF02CI02,relacionada_visao_geral,EF02CI01 + EF02CI02,confirmada na planilha
EF02CI05,EF02CI04,relacionada_visao_geral,EF02CI05 + EF02CI04,confirmada na planilha
EF02CI07,EF02CI08,relacionada_visao_geral,EF02CI07 + EF02CI08,confirmada na planilha
EF03CI03,EF03CI01,relacionada_visao_geral,EF03CI03 + EF03CI01,confirmada na planilha
EF03CI03,EF03CI02,relacionada_visao_geral,EF03CI03 + EF03CI02,confirmada na planilha
EF03CI05,EF03CI06,relacionada_visao_geral,EF03CI05 + EF03CI06,confirmada na planilha
EF03CI08,EF03CI09,relacionada_visao_geral,EF03CI08 + EF03CI09,confirmada na planilha
EF03CI08,EF03CI10,relacionada_visao_geral,EF03CI08 + EF03CI10,confirmada na planilha
EF04CI02,EF04CI03,relacionada_visao_geral,EF04CI02 + EF04CI03,confirmada na planilha
EF04CI04,EF04CI05,relacionada_visao_geral,EF04CI04 + EF04CI05,confirmada na planilha
EF04CI04,EF04CI06,relacionada_visao_geral,EF04CI04 + EF04CI06,confirmada na planilha
EF04CI08,EF04CI07,relacionada_visao_geral,EF04CI08 + EF04CI07,confirmada na planilha
EF04CI09,EF04CI10,relacionada_visao_geral,EF04CI09 + EF04CI10,confirmada na planilha
EF05CI02,EF05CI03,relacionada_visao_geral,EF05CI02 + EF05CI03,confirmada na planilha
EF05CI02,EF05CI04,relacionada_visao_geral,EF05CI02 + EF05CI04,confirmada na planilha
EF05CI02,EF05CI05,relacionada_visao_geral,EF05CI02 + EF05CI05,confirmada na planilha
EF05CI06,EF05CI07,relacionada_visao_geral,EF05CI06 + EF05CI07,confirmada na planilha
EF05CI08,EF05CI09,relacionada_visao_geral,EF05CI08 + EF05CI09,confirmada na planilha
EF05CI11,EF05CI10,relacionada_visao_geral,EF05CI11 + EF05CI10,confirmada na planilha
EF05CI12,EF05CI13,relacionada_visao_geral,EF05CI12 + EF05CI13,confirmada na planilha
EF01CI02,EF01CI03,pre_requisito,EF01CI03,confirmada na planilha
EF01CI03,EF01CI04,relacionada,EF01CI03,confirmada na planilha
EF01CI05,EF01CI06,relacionada,EF01CI05,confirmada na planilha
EF01CI01,EF02CI01,pre_requisito,EF02CI01,confirmada na planilha
EF02CI01,EF02CI02,relacionada,EF02CI01,confirmada na planilha
EF01CI01,EF02CI03,pre_requisito,EF02CI03,confirmada na planilha
EF02CI05,EF02CI04,relacionada,EF02CI05,confirmada na planilha
EF02CI05,EF02CI06,pre_requisito,EF02CI06,confirmada na planilha
EF02CI06,EF02CI04,relacionada,EF02CI06,confirmada na planilha
EF01CI05,EF02CI07,pre_requisito,EF02CI07,confirmada na planilha
EF02CI07,EF02CI08,relacionada,EF02CI07,confirmada na planilha
EF02CI01,EF03CI03,pre_requisito,EF03CI03,confirmada na planilha
EF03CI03,EF03CI01,relacionada,EF03CI03,confirmada na planilha
EF03CI03,EF03CI02,relacionada,EF03CI03,confirmada na planilha
EF02CI05,EF03CI04,pre_requisito,EF03CI04,confirmada na planilha
EF02CI06,EF03CI04,pre_requisito,EF03CI04,confirmada na planilha
EF03CI04,EF03CI06,relacionada,EF03CI04,confirmada na planilha
EF03CI04,EF03CI05,pre_requisito,EF03CI05,confirmada na planilha
EF03CI05,EF03CI06,relacionada,EF03CI05,confirmada na planilha
EF02CI07,EF03CI07,pre_requisito,EF03CI07,confirmada na planilha
EF03CI07,EF03CI09,relacionada,EF03CI07,confirmada na planilha
EF03CI07,EF03CI10,relacionada,EF03CI07,confirmada na planilha
EF01CI05,EF03CI08,pre_requisito,EF03CI08,confirmada na planilha
EF02CI07,EF03CI08,pre_requisito,EF03CI08,confirmada na planilha
EF02CI01,EF04CI01,pre_requisito,EF04CI01,confirmada na planilha
EF01CI01,EF04CI02,pre_requisito,EF04CI02,confirmada na planilha
EF02CI01,EF04CI02,pre_requisito,EF04CI02,confirmada na planilha
EF04CI02,EF04CI03,relacionada,EF04CI02,confirmada na planilha
EF03CI04,EF04CI04,pre_requisito,EF04CI04,confirmada na planilha
EF03CI05,EF04CI04,pre_requisito,EF04CI04,confirmada na planilha
EF04CI04,EF04CI05,relacionada,EF04CI04,confirmada na planilha
EF04CI04,EF04CI06,relacionada,EF04CI04,confirmada na planilha
EF04CI04,EF04CI07,relacionada,EF04CI04,confirmada na planilha
EF01CI03,EF04CI08,pre_requisito,EF04CI08,confirmada na planilha
EF04CI08,EF04CI07,relacionada,EF04CI08,confirmada na planilha
EF02CI07,EF04CI09,pre_requisito,EF04CI09,confirmada na planilha
EF03CI08,EF04CI09,pre_requisito,EF04CI09,confirmada na planilha
EF04CI09,EF04CI10,relacionada,EF04CI09,confirmada na planilha
EF01CI05,EF04CI11,pre_requisito,EF04CI11,confirmada na planilha
EF04CI11,EF04CI10,relacionada,EF04CI11,confirmada na planilha
EF01CI01,EF05CI01,pre_requisito,EF05CI01,confirmada na planilha
EF02CI01,EF05CI01,pre_requisito,EF05CI01,confirmada na planilha
EF04CI02,EF05CI01,pre_requisito,EF05CI01,confirmada na planilha
EF05CI02,EF05CI03,relacionada,EF05CI02,confirmada na planilha
EF05CI02,EF05CI04,relacionada,EF05CI02,confirmada na planilha
EF05CI02,EF05CI05,relacionada,EF05CI02,confirmada na planilha
EF04CI04,EF05CI06,pre_requisito,EF05CI06,confirmada na planilha
EF05CI06,EF05CI07,relacionada,EF05CI06,confirmada na planilha
EF04CI04,EF05CI08,pre_requisito,EF05CI08,confirmada na planilha
EF05CI06,EF05CI08,pre_requisito,EF05CI08,confirmada na planilha
EF05CI08,EF05CI09,relacionada,EF05CI08,confirmada na planilha
EF02CI07,EF05CI11,pre_requisito,EF05CI11,confirmada na planilha
EF03CI08,EF05CI11,pre_requisito,EF05CI11,confirmada na planilha
EF04CI09,EF05CI11,pre_requisito,EF05CI11,confirmada na planilha
EF05CI11,EF05CI10,relacionada,EF05CI11,confirmada na planilha
EF05CI11,EF05CI13,relacionada,EF05CI11,confirmada na planilha
EF02CI07,EF05CI12,pre_requisito,EF05CI12,confirmada na planilha
EF03CI08,EF05CI12,pre_requisito,EF05CI12,confirmada na planilha
EF04CI09,EF05CI12,pre_requisito,EF05CI12,confirmada na planilha
EF05CI11,EF05CI12,pre_requisito,EF05CI12,confirmada na planilha
EF05CI12,EF05CI10,relacionada,EF05CI12,confirmada na planilha
EF05CI12,EF05CI13,relacionada,EF05CI12,confirmada na planilha
EF06CI01,EF06CI03,relacionada_visao_geral,EF06CI01 + EF06CI03,confirmada na planilha
EF06CI01,EF06CI04,relacionada_visao_geral,EF06CI01 + EF06CI04,confirmada na planilha
EF06CI07,EF06CI08,relacionada_visao_geral,EF06CI07 + EF06CI08,confirmada na planilha
EF06CI07,EF06CI09,relacionada_visao_geral,EF06CI07 + EF06CI09,confirmada na planilha
EF06CI07,EF06CI10,relacionada_visao_geral,EF06CI07 + EF06CI10,confirmada na planilha
EF06CI11,EF06CI12,relacionada_visao_geral,EF06CI11 + EF06CI12,confirmada na planilha
EF06CI14,EF06CI13,relacionada_visao_geral,EF06CI14 + EF06CI13,confirmada na planilha
EF07CI03,EF07CI02,relacionada_visao_geral,EF07CI03 + EF07CI02,confirmada na planilha
EF07CI03,EF07CI01,relacionada_visao_geral,EF07CI03 + EF07CI01,confirmada na planilha
EF07CI03,EF07CI04,relacionada_visao_geral,EF07CI03 + EF07CI04,confirmada na planilha
EF07CI06,EF07CI05,relacionada_visao_geral,EF07CI06 + EF07CI05,confirmada na planilha
EF07CI07,EF07CI08,relacionada_visao_geral,EF07CI07 + EF07CI08,confirmada na planilha
EF07CI10,EF07CI11,relacionada_visao_geral,EF07CI10 + EF07CI11,confirmada na planilha
EF07CI13,EF07CI14,relacionada_visao_geral,EF07CI13 + EF07CI14,confirmada na planilha
EF07CI15,EF07CI16,relacionada_visao_geral,EF07CI15 + EF07CI16,confirmada na planilha
EF08CI06,EF08CI02,relacionada_visao_geral,EF08CI06 + EF08CI02,confirmada na planilha
EF08CI06,EF08CI03,relacionada_visao_geral,EF08CI06 + EF08CI03,confirmada na planilha
EF08CI06,EF08CI04,relacionada_visao_geral,EF08CI06 + EF08CI04,confirmada na planilha
EF08CI06,EF08CI05,relacionada_visao_geral,EF08CI06 + EF08CI05,confirmada na planilha
EF08CI08,EF08CI11,relacionada_visao_geral,EF08CI08 + EF08CI11,confirmada na planilha
EF08CI09,EF08CI10,relacionada_visao_geral,EF08CI09 + EF08CI10,confirmada na planilha
EF08CI13,EF08CI14,relacionada_visao_geral,EF08CI13 + EF08CI14,confirmada na planilha
EF08CI15,EF08CI16,relacionada_visao_geral,EF08CI15 + EF08CI16,confirmada na planilha
EF09CI01,EF09CI02,relacionada_visao_geral,EF09CI01 + EF09CI02,confirmada na planilha
EF09CI01,EF09CI03,relacionada_visao_geral,EF09CI01 + EF09CI03,confirmada na planilha
EF09CI07,EF09CI04,relacionada_visao_geral,EF09CI07 + EF09CI04,confirmada na planilha
EF09CI07,EF09CI05,relacionada_visao_geral,EF09CI07 + EF09CI05,confirmada na planilha
EF09CI07,EF09CI06,relacionada_visao_geral,EF09CI07 + EF09CI06,confirmada na planilha
EF09CI09,EF09CI08,relacionada_visao_geral,EF09CI09 + EF09CI08,confirmada na planilha
EF09CI09,EF09CI10,relacionada_visao_geral,EF09CI09 + EF09CI10,confirmada na planilha
EF09CI09,EF09CI11,relacionada_visao_geral,EF09CI09 + EF09CI11,confirmada na planilha
EF09CI13,EF09CI12,relacionada_visao_geral,EF09CI13 + EF09CI12,confirmada na planilha
EF09CI14,EF09CI17,relacionada_visao_geral,EF09CI14 + EF09CI17,confirmada na planilha
EF04CI01,EF06CI01,pre_requisito,EF06CI01,confirmada na planilha
EF06CI01,EF06CI03,relacionada,EF06CI01,confirmada na planilha
EF04CI01,EF06CI03,pre_requisito,EF06CI03,confirmada na planilha
EF06CI03,EF06CI04,relacionada,EF06CI03,confirmada na planilha
EF04CI08,EF06CI06,pre_requisito,EF06CI06,confirmada na planilha
EF06CI06,EF06CI07,pre_requisito,EF06CI07,confirmada na planilha
EF06CI07,EF06CI08,relacionada,EF06CI07,confirmada na planilha
EF06CI07,EF06CI09,relacionada,EF06CI07,confirmada na planilha
EF06CI07,EF06CI10,relacionada,EF06CI07,confirmada na planilha
EF03CI07,EF06CI11,pre_requisito,EF06CI11,confirmada na planilha
EF06CI11,EF06CI12,relacionada,EF06CI11,confirmada na planilha
EF06CI11,EF06CI13,relacionada,EF06CI11,confirmada na planilha
EF05CI11,EF06CI14,pre_requisito,EF06CI14,confirmada na planilha
EF06CI14,EF06CI13,relacionada,EF06CI14,confirmada na planilha
EF07CI03,EF07CI01,relacionada,EF07CI03,confirmada na planilha
EF07CI03,EF07CI02,relacionada,EF07CI03,confirmada na planilha
EF07CI03,EF07CI04,relacionada,EF07CI03,confirmada na planilha
EF07CI03,EF07CI05,relacionada,EF07CI03,confirmada na planilha
EF01CI01,EF07CI06,pre_requisito,EF07CI06,confirmada na planilha
EF02CI01,EF07CI06,pre_requisito,EF07CI06,confirmada na planilha
EF04CI02,EF07CI06,pre_requisito,EF07CI06,confirmada na planilha
EF05CI01,EF07CI06,pre_requisito,EF07CI06,confirmada na planilha
EF02CI06,EF07CI07,pre_requisito,EF07CI07,confirmada na planilha
EF03CI04,EF07CI07,pre_requisito,EF07CI07,confirmada na planilha
EF07CI07,EF07CI08,relacionada,EF07CI07,confirmada na planilha
EF01CI03,EF07CI09,pre_requisito,EF07CI09,confirmada na planilha
EF05CI08,EF07CI09,pre_requisito,EF07CI09,confirmada na planilha
EF07CI09,EF07CI08,relacionada,EF07CI09,confirmada na planilha
EF07CI10,EF07CI08,relacionada,EF07CI10,confirmada na planilha
EF07CI10,EF07CI11,relacionada,EF07CI10,confirmada na planilha
EF04CI01,EF07CI12,pre_requisito,EF07CI12,confirmada na planilha
EF06CI03,EF07CI12,pre_requisito,EF07CI12,confirmada na planilha
EF07CI12,EF07CI14,relacionada,EF07CI12,confirmada na planilha
EF07CI15,EF07CI16,relacionada,EF07CI15,confirmada na planilha
EF08CI01,EF08CI02,relacionada,EF08CI01,confirmada na planilha
EF08CI01,EF08CI03,relacionada,EF08CI01,confirmada na planilha
EF08CI01,EF08CI04,relacionada,EF08CI01,confirmada na planilha
EF08CI01,EF08CI05,relacionada,EF08CI01,confirmada na planilha
EF05CI02,EF08CI06,pre_requisito,EF08CI06,confirmada na planilha
EF08CI06,EF08CI02,relacionada,EF08CI06,confirmada na planilha
EF08CI06,EF08CI03,relacionada,EF08CI06,confirmada na planilha
EF08CI06,EF08CI04,relacionada,EF08CI06,confirmada na planilha
EF08CI06,EF08CI05,relacionada,EF08CI06,confirmada na planilha
EF08CI06,EF08CI07,relacionada,EF08CI06,confirmada na planilha
EF03CI05,EF08CI08,pre_requisito,EF08CI08,confirmada na planilha
EF06CI07,EF08CI08,pre_requisito,EF08CI08,confirmada na planilha
EF08CI08,EF08CI10,relacionada,EF08CI08,confirmada na planilha
EF08CI08,EF08CI11,relacionada,EF08CI08,confirmada na planilha
EF08CI08,EF08CI09,pre_requisito,EF08CI09,confirmada na planilha
EF08CI09,EF08CI10,relacionada,EF08CI09,confirmada na planilha
EF08CI09,EF08CI11,relacionada,EF08CI09,confirmada na planilha
EF02CI07,EF08CI12,pre_requisito,EF08CI12,confirmada na planilha
EF03CI08,EF08CI12,pre_requisito,EF08CI12,confirmada na planilha
EF04CI09,EF08CI12,pre_requisito,EF08CI12,confirmada na planilha
EF04CI11,EF08CI12,pre_requisito,EF08CI12,confirmada na planilha
EF06CI14,EF08CI13,pre_requisito,EF08CI13,confirmada na planilha
EF08CI13,EF08CI14,relacionada,EF08CI13,confirmada na planilha
EF08CI14,EF08CI15,pre_requisito,EF08CI15,confirmada na planilha
EF08CI15,EF08CI16,relacionada,EF08CI15,confirmada na planilha
EF05CI02,EF09CI01,pre_requisito,EF09CI01,confirmada na planilha
EF09CI01,EF09CI02,relacionada,EF09CI01,confirmada na planilha
EF09CI01,EF09CI03,relacionada,EF09CI01,confirmada na planilha
EF09CI01,EM13CNT101,pre_requisito,EF09CI01,confirmada na planilha
EF09CI07,EF09CI04,relacionada,EF09CI07,confirmada na planilha
EF09CI07,EF09CI05,relacionada,EF09CI07,confirmada na planilha
EF09CI07,EF09CI06,relacionada,EF09CI07,confirmada na planilha
EF09CI07,EM13CNT104,pre_requisito,EF09CI07,confirmada na planilha
EF09CI07,EM13CNT206,pre_requisito,EF09CI07,confirmada na planilha
EF06CI06,EF09CI09,pre_requisito,EF09CI09,confirmada na planilha
EF09CI09,EF09CI08,relacionada,EF09CI09,confirmada na planilha
EF09CI09,EF09CI11,relacionada,EF09CI09,confirmada na planilha
EF09CI09,EM13CNT101,pre_requisito,EF09CI09,confirmada na planilha
EF09CI09,EM13CNT304,pre_requisito,EF09CI09,confirmada na planilha
EF08CI06,EF09CI13,pre_requisito,EF09CI13,confirmada na planilha
EF09CI13,EF09CI12,relacionada,EF09CI13,confirmada na planilha
EF09CI13,EM13CNT206,pre_requisito,EF09CI13,confirmada na planilha
EF09CI14,EM13CNT201,pre_requisito,EF09CI14,confirmada na planilha
EF09CI14,EM13CNT204,pre_requisito,EF09CI14,confirmada na planilha
EF04CI11,EF09CI15,pre_requisito,EF09CI15,confirmada na planilha
EF09CI15,EF09CI17,relacionada,EF09CI15,confirmada na planilha
EF09CI15,EM13CNT101,pre_requisito,EF09CI15,confirmada na planilha
EF02CI05,EF09CI16,pre_requisito,EF09CI16,confirmada na planilha
EF03CI04,EF09CI16,pre_requisito,EF09CI16,confirmada na planilha
EF09CI16,EF09CI17,relacionada,EF09CI16,confirmada na planilha
EF09CI16,EM13CNT101,pre_requisito,EF09CI16,confirmada na planilha
EF09CI16,EM13CNT204,pre_requisito,EF09CI16,confirmada na planilha
EF01HI02,EF01HI01,relacionada_visao_geral,EF01HI02 + EF01HI01,confirmada na planilha
EF01HI02,EF01HI06,relacionada_visao_geral,EF01HI02 + EF01HI06,confirmada na planilha
EF01HI02,EF01HI07,relacionada_visao_geral,EF01HI02 + EF01HI07,confirmada na planilha
EF01HI02,EF01HI05,relacionada_visao_geral,EF01HI02 + EF01HI05,confirmada na planilha
EF01HI02,EF01GE01,relacionada_visao_geral,EF01HI02 + EF01GE01,confirmada na planilha
EF01HI04,EF01GE04,relacionada_visao_geral,EF01HI04 + EF01GE04,confirmada na planilha
EF01HI05,EF01GE02,relacionada_visao_geral,EF01HI05 + EF01GE02,confirmada na planilha
EF01GE01,EF01GE03,relacionada_visao_geral,EF01GE01 + EF01GE03,confirmada na planilha
EF01GE01,EF01GE06,relacionada_visao_geral,EF01GE01 + EF01GE06,confirmada na planilha
EF01GE01,EF01GE07,relacionada_visao_geral,EF01GE01 + EF01GE07,confirmada na planilha
EF01GE01,EF01GE09,relacionada_visao_geral,EF01GE01 + EF01GE09,confirmada na planilha
EF01GE01,EF01HI02,relacionada_visao_geral,EF01GE01 + EF01HI02,confirmada na planilha
EF01GE05,EF01GE06,relacionada_visao_geral,EF01GE05 + EF01GE06,confirmada na planilha
EF01GE05,EF01GE08,relacionada_visao_geral,EF01GE05 + EF01GE08,confirmada na planilha
EF01GE05,EF01GE10,relacionada_visao_geral,EF01GE05 + EF01GE10,confirmada na planilha
EF01GE05,EF01GE11,relacionada_visao_geral,EF01GE05 + EF01GE11,confirmada na planilha
EF01GE02,EF01GE06,relacionada_visao_geral,EF01GE02 + EF01GE06,confirmada na planilha
EF01GE02,EF01GE08,relacionada_visao_geral,EF01GE02 + EF01GE08,confirmada na planilha
EF01GE02,EF01GE09,relacionada_visao_geral,EF01GE02 + EF01GE09,confirmada na planilha
EF01GE02,EF01HI05,relacionada_visao_geral,EF01GE02 + EF01HI05,confirmada na planilha
EF01GE08,EF01GE01,relacionada_visao_geral,EF01GE08 + EF01GE01,confirmada na planilha
EF01GE08,EF01GE02,relacionada_visao_geral,EF01GE08 + EF01GE02,confirmada na planilha
EF01GE08,EF01GE05,relacionada_visao_geral,EF01GE08 + EF01GE05,confirmada na planilha
EF01GE09,EF01GE01,relacionada_visao_geral,EF01GE09 + EF01GE01,confirmada na planilha
EF01GE09,EF01GE02,relacionada_visao_geral,EF01GE09 + EF01GE02,confirmada na planilha
EF02HI01,EF02HI02,relacionada_visao_geral,EF02HI01 + EF02HI02,confirmada na planilha
EF02HI01,EF02HI10,relacionada_visao_geral,EF02HI01 + EF02HI10,confirmada na planilha
EF02HI04,EF02HI05,relacionada_visao_geral,EF02HI04 + EF02HI05,confirmada na planilha
EF02HI04,EF02HI08,relacionada_visao_geral,EF02HI04 + EF02HI08,confirmada na planilha
EF02HI06,EF02HI07,relacionada_visao_geral,EF02HI06 + EF02HI07,confirmada na planilha
EF02HI06,EF02HI03,relacionada_visao_geral,EF02HI06 + EF02HI03,confirmada na planilha
EF02HI06,EF02GE04,relacionada_visao_geral,EF02HI06 + EF02GE04,confirmada na planilha
EF02GE04,EF02GE01,relacionada_visao_geral,EF02GE04 + EF02GE01,confirmada na planilha
EF02GE04,EF02GE02,relacionada_visao_geral,EF02GE04 + EF02GE02,confirmada na planilha
EF02GE04,EF02GE05,relacionada_visao_geral,EF02GE04 + EF02GE05,confirmada na planilha
EF02GE04,EF02HI06,relacionada_visao_geral,EF02GE04 + EF02HI06,confirmada na planilha
EF02GE07,EF02GE05,relacionada_visao_geral,EF02GE07 + EF02GE05,confirmada na planilha
EF02GE07,EF02GE08,relacionada_visao_geral,EF02GE07 + EF02GE08,confirmada na planilha
EF02GE07,EF02GE09,relacionada_visao_geral,EF02GE07 + EF02GE09,confirmada na planilha
EF02GE07,EF02HI01,relacionada_visao_geral,EF02GE07 + EF02HI01,confirmada na planilha
EF02GE08,EF02GE07,relacionada_visao_geral,EF02GE08 + EF02GE07,confirmada na planilha
EF02GE08,EF02GE09,relacionada_visao_geral,EF02GE08 + EF02GE09,confirmada na planilha
EF02GE09,EF02GE07,relacionada_visao_geral,EF02GE09 + EF02GE07,confirmada na planilha
EF02GE09,EF02GE10,relacionada_visao_geral,EF02GE09 + EF02GE10,confirmada na planilha
EF03HI05,EF03HI02,relacionada_visao_geral,EF03HI05 + EF03HI02,confirmada na planilha
EF03HI05,EF03HI06,relacionada_visao_geral,EF03HI05 + EF03HI06,confirmada na planilha
EF03HI05,EF03HI03,relacionada_visao_geral,EF03HI05 + EF03HI03,confirmada na planilha
EF03HI05,EF03GE07,relacionada_visao_geral,EF03HI05 + EF03GE07,confirmada na planilha
EF03HI08,EF03HI01,relacionada_visao_geral,EF03HI08 + EF03HI01,confirmada na planilha
EF03HI08,EF03HI07,relacionada_visao_geral,EF03HI08 + EF03HI07,confirmada na planilha
EF03HI08,EF03HI11,relacionada_visao_geral,EF03HI08 + EF03HI11,confirmada na planilha
EF03HI08,EF03GE02,relacionada_visao_geral,EF03HI08 + EF03GE02,confirmada na planilha
EF03HI08,EF03GE05,relacionada_visao_geral,EF03HI08 + EF03GE05,confirmada na planilha
EF03HI10,EF03HI09,relacionada_visao_geral,EF03HI10 + EF03HI09,confirmada na planilha
EF03HI10,EF03GE06,relacionada_visao_geral,EF03HI10 + EF03GE06,confirmada na planilha
EF03HI10,EF03GE07,relacionada_visao_geral,EF03HI10 + EF03GE07,confirmada na planilha
EF03GE02,EF03GE01,relacionada_visao_geral,EF03GE02 + EF03GE01,confirmada na planilha
EF03GE02,EF03GE03,relacionada_visao_geral,EF03GE02 + EF03GE03,confirmada na planilha
EF03GE02,EF03GE06,relacionada_visao_geral,EF03GE02 + EF03GE06,confirmada na planilha
EF03GE02,EF03GE07,relacionada_visao_geral,EF03GE02 + EF03GE07,confirmada na planilha
EF03GE02,EF03HI08,relacionada_visao_geral,EF03GE02 + EF03HI08,confirmada na planilha
EF03GE05,EF03GE04,relacionada_visao_geral,EF03GE05 + EF03GE04,confirmada na planilha
EF03GE05,EF03GE07,relacionada_visao_geral,EF03GE05 + EF03GE07,confirmada na planilha
EF03GE05,EF03GE11,relacionada_visao_geral,EF03GE05 + EF03GE11,confirmada na planilha
EF03GE05,EF03HI08,relacionada_visao_geral,EF03GE05 + EF03HI08,confirmada na planilha
EF03GE09,EF03GE06,relacionada_visao_geral,EF03GE09 + EF03GE06,confirmada na planilha
EF03GE09,EF03GE08,relacionada_visao_geral,EF03GE09 + EF03GE08,confirmada na planilha
EF03GE09,EF03GE10,relacionada_visao_geral,EF03GE09 + EF03GE10,confirmada na planilha
EF03GE06,EF03GE09,relacionada_visao_geral,EF03GE06 + EF03GE09,confirmada na planilha
EF03GE06,EF03HI10,relacionada_visao_geral,EF03GE06 + EF03HI10,confirmada na planilha
EF03GE07,EF03GE05,relacionada_visao_geral,EF03GE07 + EF03GE05,confirmada na planilha
EF03GE07,EF03HI05,relacionada_visao_geral,EF03GE07 + EF03HI05,confirmada na planilha
EF03GE07,EF03HI10,relacionada_visao_geral,EF03GE07 + EF03HI10,confirmada na planilha
EF04HI01,EF04HI02,relacionada_visao_geral,EF04HI01 + EF04HI02,confirmada na planilha
EF04HI01,EF04HI03,relacionada_visao_geral,EF04HI01 + EF04HI03,confirmada na planilha
EF04HI01,EF04HI05,relacionada_visao_geral,EF04HI01 + EF04HI05,confirmada na planilha
EF04HI01,EF04GE07,relacionada_visao_geral,EF04HI01 + EF04GE07,confirmada na planilha
EF04HI01,EF04GE11,relacionada_visao_geral,EF04HI01 + EF04GE11,confirmada na planilha
EF04HI06,EF04HI07,relacionada_visao_geral,EF04HI06 + EF04HI07,confirmada na planilha
EF04HI06,EF04HI09,relacionada_visao_geral,EF04HI06 + EF04HI09,confirmada na planilha
EF04HI06,EF04HI10,relacionada_visao_geral,EF04HI06 + EF04HI10,confirmada na planilha
EF04HI06,EF04GE10,relacionada_visao_geral,EF04HI06 + EF04GE10,confirmada na planilha
EF04GE05,EF04GE03,relacionada_visao_geral,EF04GE05 + EF04GE03,confirmada na planilha
EF04GE05,EF04GE10,relacionada_visao_geral,EF04GE05 + EF04GE10,confirmada na planilha
EF04GE11,EF04GE10,relacionada_visao_geral,EF04GE11 + EF04GE10,confirmada na planilha
EF04GE11,EF04HI01,relacionada_visao_geral,EF04GE11 + EF04HI01,confirmada na planilha
EF04GE07,EF04GE04,relacionada_visao_geral,EF04GE07 + EF04GE04,confirmada na planilha
EF04GE07,EF04GE08,relacionada_visao_geral,EF04GE07 + EF04GE08,confirmada na planilha
EF04GE07,EF04GE09,relacionada_visao_geral,EF04GE07 + EF04GE09,confirmada na planilha
EF04GE07,EF04GE10,relacionada_visao_geral,EF04GE07 + EF04GE10,confirmada na planilha
EF04GE07,EF04HI01,relacionada_visao_geral,EF04GE07 + EF04HI01,confirmada na planilha
EF04GE09,EF04GE07,relacionada_visao_geral,EF04GE09 + EF04GE07,confirmada na planilha
EF04GE10,EF04GE05,relacionada_visao_geral,EF04GE10 + EF04GE05,confirmada na planilha
EF04GE10,EF04GE07,relacionada_visao_geral,EF04GE10 + EF04GE07,confirmada na planilha
EF04GE10,EF04HI06,relacionada_visao_geral,EF04GE10 + EF04HI06,confirmada na planilha
EF05HI01,EF05HI03,relacionada_visao_geral,EF05HI01 + EF05HI03,confirmada na planilha
EF05HI01,EF05GE01,relacionada_visao_geral,EF05HI01 + EF05GE01,confirmada na planilha
EF05HI01,EF05GE03,relacionada_visao_geral,EF05HI01 + EF05GE03,confirmada na planilha
EF05HI04,EF05HI05,relacionada_visao_geral,EF05HI04 + EF05HI05,confirmada na planilha
EF05HI07,EF05HI08,relacionada_visao_geral,EF05HI07 + EF05HI08,confirmada na planilha
EF05HI07,EF05HI09,relacionada_visao_geral,EF05HI07 + EF05HI09,confirmada na planilha
EF05HI07,EF05HI10,relacionada_visao_geral,EF05HI07 + EF05HI10,confirmada na planilha
EF05HI07,EF05GE01,relacionada_visao_geral,EF05HI07 + EF05GE01,confirmada na planilha
EF05HI07,EF05GE03,relacionada_visao_geral,EF05HI07 + EF05GE03,confirmada na planilha
EF05HI07,EF05GE06,relacionada_visao_geral,EF05HI07 + EF05GE06,confirmada na planilha
EF05HI07,EF05GE08,relacionada_visao_geral,EF05HI07 + EF05GE08,confirmada na planilha
EF05GE01,EF05GE02,relacionada_visao_geral,EF05GE01 + EF05GE02,confirmada na planilha
EF05GE01,EF05HI01,relacionada_visao_geral,EF05GE01 + EF05HI01,confirmada na planilha
EF05GE01,EF05HI07,relacionada_visao_geral,EF05GE01 + EF05HI07,confirmada na planilha
EF05GE03,EF05GE08,relacionada_visao_geral,EF05GE03 + EF05GE08,confirmada na planilha
EF05GE03,EF05GE09,relacionada_visao_geral,EF05GE03 + EF05GE09,confirmada na planilha
EF05GE03,EF05GE12,relacionada_visao_geral,EF05GE03 + EF05GE12,confirmada na planilha
EF05GE03,EF05HI01,relacionada_visao_geral,EF05GE03 + EF05HI01,confirmada na planilha
EF05GE03,EF05HI07,relacionada_visao_geral,EF05GE03 + EF05HI07,confirmada na planilha
EF05GE06,EF05GE09,relacionada_visao_geral,EF05GE06 + EF05GE09,confirmada na planilha
EF05GE06,EF05HI07,relacionada_visao_geral,EF05GE06 + EF05HI07,confirmada na planilha
EF05GE08,EF05GE03,relacionada_visao_geral,EF05GE08 + EF05GE03,confirmada na planilha
EF05GE08,EF05HI07,relacionada_visao_geral,EF05GE08 + EF05HI07,confirmada na planilha
EF05GE09,EF05GE03,relacionada_visao_geral,EF05GE09 + EF05GE03,confirmada na planilha
EF05GE09,EF05GE06,relacionada_visao_geral,EF05GE09 + EF05GE06,confirmada na planilha
EF01HI02,EF02HI01,relacionada_visao_geral,EF01HI02 + EF02HI01,confirmada na planilha
EF01HI02,EF03HI05,relacionada_visao_geral,EF01HI02 + EF03HI05,confirmada na planilha
EF01HI02,EF04HI01,relacionada_visao_geral,EF01HI02 + EF04HI01,confirmada na planilha
EF01HI02,EF05HI01,relacionada_visao_geral,EF01HI02 + EF05HI01,confirmada na planilha
EF01HI04,EF02HI04,relacionada_visao_geral,EF01HI04 + EF02HI04,confirmada na planilha
EF01HI04,EF03HI08,relacionada_visao_geral,EF01HI04 + EF03HI08,confirmada na planilha
EF01HI04,EF04HI06,relacionada_visao_geral,EF01HI04 + EF04HI06,confirmada na planilha
EF01HI04,EF05HI04,relacionada_visao_geral,EF01HI04 + EF05HI04,confirmada na planilha
EF01HI05,EF02HI06,relacionada_visao_geral,EF01HI05 + EF02HI06,confirmada na planilha
EF01HI05,EF03HI10,relacionada_visao_geral,EF01HI05 + EF03HI10,confirmada na planilha
EF01HI05,EF05HI07,relacionada_visao_geral,EF01HI05 + EF05HI07,confirmada na planilha
EF01GE01,EF02GE04,relacionada_visao_geral,EF01GE01 + EF02GE04,confirmada na planilha
EF01GE01,EF03GE02,relacionada_visao_geral,EF01GE01 + EF03GE02,confirmada na planilha
EF01GE01,EF04GE05,relacionada_visao_geral,EF01GE01 + EF04GE05,confirmada na planilha
EF01GE01,EF05GE01,relacionada_visao_geral,EF01GE01 + EF05GE01,confirmada na planilha
EF01GE02,EF02GE07,relacionada_visao_geral,EF01GE02 + EF02GE07,confirmada na planilha
EF01GE02,EF03GE05,relacionada_visao_geral,EF01GE02 + EF03GE05,confirmada na planilha
EF01GE02,EF04GE11,relacionada_visao_geral,EF01GE02 + EF04GE11,confirmada na planilha
EF01GE02,EF05GE03,relacionada_visao_geral,EF01GE02 + EF05GE03,confirmada na planilha
EF01GE05,EF03GE09,relacionada_visao_geral,EF01GE05 + EF03GE09,confirmada na planilha
EF01GE05,EF04GE07,relacionada_visao_geral,EF01GE05 + EF04GE07,confirmada na planilha
EF01GE05,EF05GE06,relacionada_visao_geral,EF01GE05 + EF05GE06,confirmada na planilha
EF01GE08,EF02GE08,relacionada_visao_geral,EF01GE08 + EF02GE08,confirmada na planilha
EF01GE08,EF03GE06,relacionada_visao_geral,EF01GE08 + EF03GE06,confirmada na planilha
EF01GE08,EF04GE09,relacionada_visao_geral,EF01GE08 + EF04GE09,confirmada na planilha
EF01GE08,EF05GE08,relacionada_visao_geral,EF01GE08 + EF05GE08,confirmada na planilha
EF01GE09,EF02GE09,relacionada_visao_geral,EF01GE09 + EF02GE09,confirmada na planilha
EF01GE09,EF03GE07,relacionada_visao_geral,EF01GE09 + EF03GE07,confirmada na planilha
EF01GE09,EF04GE10,relacionada_visao_geral,EF01GE09 + EF04GE10,confirmada na planilha
EF01GE09,EF05GE09,relacionada_visao_geral,EF01GE09 + EF05GE09,confirmada na planilha
EI03EO06,EF01HI02,pre_requisito,EF01HI02,confirmada na planilha
EF01HI02,EF01HI01,relacionada,EF01HI02,confirmada na planilha
EF01HI02,EF01HI06,relacionada,EF01HI02,confirmada na planilha
EF01HI02,EF01HI07,relacionada,EF01HI02,confirmada na planilha
EF01HI02,EF01HI05,relacionada,EF01HI02,confirmada na planilha
EF01HI02,EF01GE01,relacionada,EF01HI02,confirmada na planilha
EF01HI02,EF01GE01,mencao_comentario,EF01HI02,confirmada na planilha
EI03EO04,EF01HI04,pre_requisito,EF01HI04,confirmada na planilha
EI03EO06,EF01HI04,pre_requisito,EF01HI04,confirmada na planilha
EF01HI04,EF01GE04,relacionada,EF01HI04,confirmada na planilha
EF01HI04,EF01GE04,mencao_comentario,EF01HI04,confirmada na planilha
EI03ET01,EF01HI05,pre_requisito,EF01HI05,confirmada na planilha
EI03EF02,EF01HI05,pre_requisito,EF01HI05,confirmada na planilha
EI03ET05,EF01HI05,pre_requisito,EF01HI05,confirmada na planilha
EF01HI05,EF01GE02,relacionada,EF01HI05,confirmada na planilha
EF01HI05,EF01GE02,mencao_comentario,EF01HI05,confirmada na planilha
EI03EF01,EF01GE01,pre_requisito,EF01GE01,confirmada na planilha
EI03EO04,EF01GE01,pre_requisito,EF01GE01,confirmada na planilha
EI03EO06,EF01GE01,pre_requisito,EF01GE01,confirmada na planilha
EF01GE01,EF01GE03,relacionada,EF01GE01,confirmada na planilha
EF01GE01,EF01GE06,relacionada,EF01GE01,confirmada na planilha
EF01GE01,EF01GE07,relacionada,EF01GE01,confirmada na planilha
EF01GE01,EF01GE09,relacionada,EF01GE01,confirmada na planilha
EF01GE01,EF01HI02,relacionada,EF01GE01,confirmada na planilha
EF01GE01,EF01HI02,mencao_comentario,EF01GE01,confirmada na planilha
EI03ET03,EF01GE05,pre_requisito,EF01GE05,confirmada na planilha
EI03EF01,EF01GE05,pre_requisito,EF01GE05,confirmada na planilha
EI03EO04,EF01GE05,pre_requisito,EF01GE05,confirmada na planilha
EI03EO06,EF01GE05,pre_requisito,EF01GE05,confirmada na planilha
EF01GE05,EF01GE06,relacionada,EF01GE05,confirmada na planilha
EF01GE05,EF01GE10,relacionada,EF01GE05,confirmada na planilha
EF01GE05,EF01GE11,relacionada,EF01GE05,confirmada na planilha
EF01GE05,EF01GE08,relacionada,EF01GE05,confirmada na planilha
EI03ET01,EF01GE02,pre_requisito,EF01GE02,confirmada na planilha
EI03EF02,EF01GE02,pre_requisito,EF01GE02,confirmada na planilha
EI03ET05,EF01GE02,pre_requisito,EF01GE02,confirmada na planilha
EF01GE02,EF01GE06,relacionada,EF01GE02,confirmada na planilha
EF01GE02,EF01GE08,relacionada,EF01GE02,confirmada na planilha
EF01GE02,EF01GE09,relacionada,EF01GE02,confirmada na planilha
EF01GE02,EF01HI05,relacionada,EF01GE02,confirmada na planilha
EF01GE02,EF01HI05,mencao_comentario,EF01GE02,confirmada na planilha
EF01GE02,EF01CI01,mencao_comentario,EF01GE02,confirmada na planilha
EI03EF01,EF01GE08,pre_requisito,EF01GE08,confirmada na planilha
EI03EF06,EF01GE08,pre_requisito,EF01GE08,confirmada na planilha
EF01GE08,EF01GE01,relacionada,EF01GE08,confirmada na planilha
EF01GE08,EF01GE02,relacionada,EF01GE08,confirmada na planilha
EF01GE08,EF01GE05,relacionada,EF01GE08,confirmada na planilha
EI03EF01,EF01GE09,pre_requisito,EF01GE09,confirmada na planilha
EI03EF06,EF01GE09,pre_requisito,EF01GE09,confirmada na planilha
EI03CG02,EF01GE09,pre_requisito,EF01GE09,confirmada na planilha
EF01GE09,EF01GE01,relacionada,EF01GE09,confirmada na planilha
EF01GE09,EF01GE02,relacionada,EF01GE09,confirmada na planilha
EF01HI04,EF02HI01,pre_requisito,EF02HI01,confirmada na planilha
EF02HI01,EF02HI02,relacionada,EF02HI01,confirmada na planilha
EF02HI01,EF02HI10,relacionada,EF02HI01,confirmada na planilha
EF01HI02,EF02HI04,pre_requisito,EF02HI04,confirmada na planilha
EF02HI04,EF02HI05,relacionada,EF02HI04,confirmada na planilha
EF02HI04,EF02HI08,relacionada,EF02HI04,confirmada na planilha
EF01HI02,EF02HI06,pre_requisito,EF02HI06,confirmada na planilha
EF02HI04,EF02HI06,pre_requisito,EF02HI06,confirmada na planilha
EF02HI06,EF02HI07,relacionada,EF02HI06,confirmada na planilha
EF02HI06,EF02HI03,relacionada,EF02HI06,confirmada na planilha
EF02HI06,EF02GE04,relacionada,EF02HI06,confirmada na planilha
EF02HI06,EF02GE04,mencao_comentario,EF02HI06,confirmada na planilha
EF01GE01,EF02GE04,pre_requisito,EF02GE04,confirmada na planilha
EF02GE04,EF02GE01,relacionada,EF02GE04,confirmada na planilha
EF02GE04,EF02GE02,relacionada,EF02GE04,confirmada na planilha
EF02GE04,EF02GE05,relacionada,EF02GE04,confirmada na planilha
EF02GE04,EF02HI06,relacionada,EF02GE04,confirmada na planilha
EF02GE04,EF02HI06,mencao_comentario,EF02GE04,confirmada na planilha
EF02GE04,EF02GE07,pre_requisito,EF02GE07,confirmada na planilha
EF02GE07,EF02GE05,relacionada,EF02GE07,confirmada na planilha
EF02GE07,EF02GE08,relacionada,EF02GE07,confirmada na planilha
EF02GE07,EF02GE09,relacionada,EF02GE07,confirmada na planilha
EF02GE07,EF02HI01,relacionada,EF02GE07,confirmada na planilha
EF02GE07,EF02HI01,mencao_comentario,EF02GE07,confirmada na planilha
EF01GE08,EF02GE08,pre_requisito,EF02GE08,confirmada na planilha
EF01GE09,EF02GE08,pre_requisito,EF02GE08,confirmada na planilha
EF02GE08,EF02GE07,relacionada,EF02GE08,confirmada na planilha
EF02GE08,EF02GE09,relacionada,EF02GE08,confirmada na planilha
EF01GE08,EF02GE09,pre_requisito,EF02GE09,confirmada na planilha
EF01GE09,EF02GE09,pre_requisito,EF02GE09,confirmada na planilha
EF02GE09,EF02GE07,relacionada,EF02GE09,confirmada na planilha
EF02GE09,EF02GE10,relacionada,EF02GE09,confirmada na planilha
EF02HI04,EF03HI05,pre_requisito,EF03HI05,confirmada na planilha
EF02HI06,EF03HI05,pre_requisito,EF03HI05,confirmada na planilha
EF03HI05,EF03HI02,relacionada,EF03HI05,confirmada na planilha
EF03HI05,EF03HI06,relacionada,EF03HI05,confirmada na planilha
EF03HI05,EF03HI03,relacionada,EF03HI05,confirmada na planilha
EF03HI05,EF03GE07,relacionada,EF03HI05,confirmada na planilha
EF03HI05,EF03GE07,mencao_comentario,EF03HI05,confirmada na planilha
EF02HI01,EF03HI08,pre_requisito,EF03HI08,confirmada na planilha
EF03HI05,EF03HI08,pre_requisito,EF03HI08,confirmada na planilha
EF03HI08,EF03HI01,relacionada,EF03HI08,confirmada na planilha
EF03HI08,EF03HI07,relacionada,EF03HI08,confirmada na planilha
EF03HI08,EF03HI11,relacionada,EF03HI08,confirmada na planilha
EF03HI08,EF03GE02,relacionada,EF03HI08,confirmada na planilha
EF03HI08,EF03GE05,relacionada,EF03HI08,confirmada na planilha
EF03HI08,EF03GE02,mencao_comentario,EF03HI08,confirmada na planilha
EF03HI08,EF03GE05,mencao_comentario,EF03HI08,confirmada na planilha
EF02HI01,EF03HI10,pre_requisito,EF03HI10,confirmada na planilha
EF03HI10,EF03HI09,relacionada,EF03HI10,confirmada na planilha
EF03HI10,EF03GE06,relacionada,EF03HI10,confirmada na planilha
EF03HI10,EF03GE07,relacionada,EF03HI10,confirmada na planilha
EF03HI10,EF03GE06,mencao_comentario,EF03HI10,confirmada na planilha
EF03HI10,EF03GE07,mencao_comentario,EF03HI10,confirmada na planilha
EF03GE02,EF03GE01,relacionada,EF03GE02,confirmada na planilha
EF03GE02,EF03GE03,relacionada,EF03GE02,confirmada na planilha
EF03GE02,EF03GE06,relacionada,EF03GE02,confirmada na planilha
EF03GE02,EF03GE07,relacionada,EF03GE02,confirmada na planilha
EF03GE02,EF03HI08,relacionada,EF03GE02,confirmada na planilha
EF03GE02,EF03HI08,mencao_comentario,EF03GE02,confirmada na planilha
EF02GE07,EF03GE05,pre_requisito,EF03GE05,confirmada na planilha
EF03GE05,EF03GE04,relacionada,EF03GE05,confirmada na planilha
EF03GE05,EF03GE11,relacionada,EF03GE05,confirmada na planilha
EF03GE05,EF03GE07,relacionada,EF03GE05,confirmada na planilha
EF03GE05,EF03HI08,relacionada,EF03GE05,confirmada na planilha
EF03GE05,EF03HI08,mencao_comentario,EF03GE05,confirmada na planilha
EF03GE05,EF03GE09,pre_requisito,EF03GE09,confirmada na planilha
EF03GE09,EF03GE06,relacionada,EF03GE09,confirmada na planilha
EF03GE09,EF03GE08,relacionada,EF03GE09,confirmada na planilha
EF03GE09,EF03GE10,relacionada,EF03GE09,confirmada na planilha
EF02GE08,EF03GE06,pre_requisito,EF03GE06,confirmada na planilha
EF02GE09,EF03GE06,pre_requisito,EF03GE06,confirmada na planilha
EF03GE06,EF03GE09,relacionada,EF03GE06,confirmada na planilha
EF03GE06,EF03HI10,relacionada,EF03GE06,confirmada na planilha
EF03GE06,EF03HI10,mencao_comentario,EF03GE06,confirmada na planilha
EF02GE08,EF03GE07,pre_requisito,EF03GE07,confirmada na planilha
EF02GE09,EF03GE07,pre_requisito,EF03GE07,confirmada na planilha
EF03GE07,EF03GE05,relacionada,EF03GE07,confirmada na planilha
EF03GE07,EF03HI05,relacionada,EF03GE07,confirmada na planilha
EF03GE07,EF03HI10,relacionada,EF03GE07,confirmada na planilha
EF03GE07,EF03HI05,mencao_comentario,EF03GE07,confirmada na planilha
EF03GE07,EF03HI10,mencao_comentario,EF03GE07,confirmada na planilha
EF03HI05,EF04HI01,pre_requisito,EF04HI01,confirmada na planilha
EF04HI01,EF04HI02,relacionada,EF04HI01,confirmada na planilha
EF04HI01,EF04HI03,relacionada,EF04HI01,confirmada na planilha
EF04HI01,EF04HI05,relacionada,EF04HI01,confirmada na planilha
EF04HI01,EF04GE07,relacionada,EF04HI01,confirmada na planilha
EF04HI01,EF04GE11,relacionada,EF04HI01,confirmada na planilha
EF04HI01,EF04GE11,mencao_comentario,EF04HI01,confirmada na planilha
EF04HI01,EF04GE07,mencao_comentario,EF04HI01,confirmada na planilha
EF04HI01,EF04HI06,pre_requisito,EF04HI06,confirmada na planilha
EF04HI06,EF04HI07,relacionada,EF04HI06,confirmada na planilha
EF04HI06,EF04HI09,relacionada,EF04HI06,confirmada na planilha
EF04HI06,EF04HI10,relacionada,EF04HI06,confirmada na planilha
EF04HI06,EF04GE10,relacionada,EF04HI06,confirmada na planilha
EF04HI06,EF05GE06,mencao_comentario,EF04HI06,confirmada na planilha
EF04HI06,EF04GE10,mencao_comentario,EF04HI06,confirmada na planilha
EF04GE05,EF04GE03,relacionada,EF04GE05,confirmada na planilha
EF04GE05,EF04GE10,relacionada,EF04GE05,confirmada na planilha
EF03GE09,EF04GE11,pre_requisito,EF04GE11,confirmada na planilha
EF04GE05,EF04GE11,pre_requisito,EF04GE11,confirmada na planilha
EF04GE11,EF04GE10,relacionada,EF04GE11,confirmada na planilha
EF04GE11,EF04HI01,relacionada,EF04GE11,confirmada na planilha
EF04GE11,EF04HI01,mencao_comentario,EF04GE11,confirmada na planilha
EF03GE05,EF04GE07,pre_requisito,EF04GE07,confirmada na planilha
EF04GE05,EF04GE07,pre_requisito,EF04GE07,confirmada na planilha
EF04GE07,EF04GE04,relacionada,EF04GE07,confirmada na planilha
EF04GE07,EF04GE08,relacionada,EF04GE07,confirmada na planilha
EF04GE07,EF04GE09,relacionada,EF04GE07,confirmada na planilha
EF04GE07,EF04GE10,relacionada,EF04GE07,confirmada na planilha
EF04GE07,EF04HI01,relacionada,EF04GE07,confirmada na planilha
EF04GE07,EF04HI01,mencao_comentario,EF04GE07,confirmada na planilha
EF03GE06,EF04GE09,pre_requisito,EF04GE09,confirmada na planilha
EF03GE07,EF04GE09,pre_requisito,EF04GE09,confirmada na planilha
EF04GE09,EF04GE07,relacionada,EF04GE09,confirmada na planilha
EF03GE06,EF04GE10,pre_requisito,EF04GE10,confirmada na planilha
EF03GE07,EF04GE10,pre_requisito,EF04GE10,confirmada na planilha
EF04GE10,EF04GE05,relacionada,EF04GE10,confirmada na planilha
EF04GE10,EF04GE07,relacionada,EF04GE10,confirmada na planilha
EF04GE10,EF04HI06,relacionada,EF04GE10,confirmada na planilha
EF04GE10,EF04HI06,mencao_comentario,EF04GE10,confirmada na planilha
EF04HI01,EF05HI01,pre_requisito,EF05HI01,confirmada na planilha
EF05HI01,EF05HI03,relacionada,EF05HI01,confirmada na planilha
EF05HI01,EF05GE01,relacionada,EF05HI01,confirmada na planilha
EF05HI01,EF05GE03,relacionada,EF05HI01,confirmada na planilha
EF05HI01,EF05GE01,mencao_comentario,EF05HI01,confirmada na planilha
EF05HI01,EF05GE03,mencao_comentario,EF05HI01,confirmada na planilha
EF05HI04,EF05HI05,relacionada,EF05HI04,confirmada na planilha
EF04HI01,EF05HI07,pre_requisito,EF05HI07,confirmada na planilha
EF05HI07,EF05HI08,relacionada,EF05HI07,confirmada na planilha
EF05HI07,EF05HI09,relacionada,EF05HI07,confirmada na planilha
EF05HI07,EF05HI10,relacionada,EF05HI07,confirmada na planilha
EF05HI07,EF05GE01,relacionada,EF05HI07,confirmada na planilha
EF05HI07,EF05GE03,relacionada,EF05HI07,confirmada na planilha
EF05HI07,EF05GE06,relacionada,EF05HI07,confirmada na planilha
EF05HI07,EF05GE08,relacionada,EF05HI07,confirmada na planilha
EF05HI07,EF05GE01,mencao_comentario,EF05HI07,confirmada na planilha
EF05HI07,EF05GE03,mencao_comentario,EF05HI07,confirmada na planilha
EF05HI07,EF05GE06,mencao_comentario,EF05HI07,confirmada na planilha
EF05HI07,EF05GE08,mencao_comentario,EF05HI07,confirmada na planilha
EF05GE01,EF05GE02,relacionada,EF05GE01,confirmada na planilha
EF05GE01,EF05HI01,relacionada,EF05GE01,confirmada na planilha
EF05GE01,EF05HI07,relacionada,EF05GE01,confirmada na planilha
EF05GE01,EF05MA06,mencao_comentario,EF05GE01,confirmada na planilha
EF05GE01,EF05MA24,mencao_comentario,EF05GE01,confirmada na planilha
EF05GE01,EF05HI01,mencao_comentario,EF05GE01,confirmada na planilha
EF05GE01,EF05HI07,mencao_comentario,EF05GE01,confirmada na planilha
EF05GE03,EF05GE08,relacionada,EF05GE03,confirmada na planilha
EF05GE03,EF05GE09,relacionada,EF05GE03,confirmada na planilha
EF05GE03,EF05HI01,relacionada,EF05GE03,confirmada na planilha
EF05GE03,EF05HI07,relacionada,EF05GE03,confirmada na planilha
EF05GE03,EF05GE12,relacionada,EF05GE03,confirmada na planilha
EF05GE03,EF05HI01,mencao_comentario,EF05GE03,confirmada na planilha
EF05GE03,EF05HI07,mencao_comentario,EF05GE03,confirmada na planilha
EF05GE06,EF05GE09,relacionada,EF05GE06,confirmada na planilha
EF05GE06,EF05HI07,relacionada,EF05GE06,confirmada na planilha
EF05GE06,EF05HI07,mencao_comentario,EF05GE06,confirmada na planilha
EF04GE09,EF05GE08,pre_requisito,EF05GE08,confirmada na planilha
EF04GE10,EF05GE08,pre_requisito,EF05GE08,confirmada na planilha
EF05GE08,EF05GE03,relacionada,EF05GE08,confirmada na planilha
EF05GE08,EF05HI07,relacionada,EF05GE08,confirmada na planilha
EF05GE08,EF05HI07,mencao_comentario,EF05GE08,confirmada na planilha
EF04GE09,EF05GE09,pre_requisito,EF05GE09,confirmada na planilha
EF04GE10,EF05GE09,pre_requisito,EF05GE09,confirmada na planilha
EF05GE09,EF05GE03,relacionada,EF05GE09,confirmada na planilha
EF05GE09,EF05GE06,relacionada,EF05GE09,confirmada na planilha
EF06HI01,EF06GE11,relacionada_visao_geral,EF06HI01 + EF06GE11,confirmada na planilha
EF06HI01,EF06GE08,relacionada_visao_geral,EF06HI01 + EF06GE08,confirmada na planilha
EF06HI02,EF06HI07,relacionada_visao_geral,EF06HI02 + EF06HI07,confirmada na planilha
EF06HI04,EF06HI03,relacionada_visao_geral,EF06HI04 + EF06HI03,confirmada na planilha
EF06HI04,EF06HI06,relacionada_visao_geral,EF06HI04 + EF06HI06,confirmada na planilha
EF06HI04,EF06HI05,relacionada_visao_geral,EF06HI04 + EF06HI05,confirmada na planilha
EF06HI04,EF06GE11,relacionada_visao_geral,EF06HI04 + EF06GE11,confirmada na planilha
EF06HI09,EF06HI10,relacionada_visao_geral,EF06HI09 + EF06HI10,confirmada na planilha
EF06HI09,EF06HI11,relacionada_visao_geral,EF06HI09 + EF06HI11,confirmada na planilha
EF06HI09,EF06HI13,relacionada_visao_geral,EF06HI09 + EF06HI13,confirmada na planilha
EF06HI09,EF06GE07,relacionada_visao_geral,EF06HI09 + EF06GE07,confirmada na planilha
EF06HI14,EF06HI12,relacionada_visao_geral,EF06HI14 + EF06HI12,confirmada na planilha
EF06HI14,EF06HI16,relacionada_visao_geral,EF06HI14 + EF06HI16,confirmada na planilha
EF06HI14,EF06HI18,relacionada_visao_geral,EF06HI14 + EF06HI18,confirmada na planilha
EF06HI14,EF06HI19,relacionada_visao_geral,EF06HI14 + EF06HI19,confirmada na planilha
EF06GE11,EF06GE01,relacionada_visao_geral,EF06GE11 + EF06GE01,confirmada na planilha
EF06GE11,EF06GE02,relacionada_visao_geral,EF06GE11 + EF06GE02,confirmada na planilha
EF06GE11,EF06GE03,relacionada_visao_geral,EF06GE11 + EF06GE03,confirmada na planilha
EF06GE11,EF06GE05,relacionada_visao_geral,EF06GE11 + EF06GE05,confirmada na planilha
EF06GE11,EF06GE08,relacionada_visao_geral,EF06GE11 + EF06GE08,confirmada na planilha
EF06GE11,EF06GE09,relacionada_visao_geral,EF06GE11 + EF06GE09,confirmada na planilha
EF06GE11,EF06GE10,relacionada_visao_geral,EF06GE11 + EF06GE10,confirmada na planilha
EF06GE11,EF06GE13,relacionada_visao_geral,EF06GE11 + EF06GE13,confirmada na planilha
EF06GE11,EF06HI01,relacionada_visao_geral,EF06GE11 + EF06HI01,confirmada na planilha
EF06GE11,EF06HI04,relacionada_visao_geral,EF06GE11 + EF06HI04,confirmada na planilha
EF06GE12,EF06GE04,relacionada_visao_geral,EF06GE12 + EF06GE04,confirmada na planilha
EF06GE12,EF06GE09,relacionada_visao_geral,EF06GE12 + EF06GE09,confirmada na planilha
EF06GE12,EF06GE10,relacionada_visao_geral,EF06GE12 + EF06GE10,confirmada na planilha
EF06GE06,EF06GE02,relacionada_visao_geral,EF06GE06 + EF06GE02,confirmada na planilha
EF06GE06,EF06GE08,relacionada_visao_geral,EF06GE06 + EF06GE08,confirmada na planilha
EF06GE06,EF06GE09,relacionada_visao_geral,EF06GE06 + EF06GE09,confirmada na planilha
EF06GE07,EF06GE08,relacionada_visao_geral,EF06GE07 + EF06GE08,confirmada na planilha
EF06GE07,EF06GE09,relacionada_visao_geral,EF06GE07 + EF06GE09,confirmada na planilha
EF06GE07,EF06HI09,relacionada_visao_geral,EF06GE07 + EF06HI09,confirmada na planilha
EF06GE08,EF06GE06,relacionada_visao_geral,EF06GE08 + EF06GE06,confirmada na planilha
EF06GE08,EF06GE07,relacionada_visao_geral,EF06GE08 + EF06GE07,confirmada na planilha
EF06GE08,EF06GE11,relacionada_visao_geral,EF06GE08 + EF06GE11,confirmada na planilha
EF06GE08,EF06HI01,relacionada_visao_geral,EF06GE08 + EF06HI01,confirmada na planilha
EF06GE09,EF06GE11,relacionada_visao_geral,EF06GE09 + EF06GE11,confirmada na planilha
EF06GE09,EF06GE12,relacionada_visao_geral,EF06GE09 + EF06GE12,confirmada na planilha
EF07HI01,EF07HI07,relacionada_visao_geral,EF07HI01 + EF07HI07,confirmada na planilha
EF07HI01,EF07HI04,relacionada_visao_geral,EF07HI01 + EF07HI04,confirmada na planilha
EF07HI01,EF07HI05,relacionada_visao_geral,EF07HI01 + EF07HI05,confirmada na planilha
EF07HI02,EF07HI06,relacionada_visao_geral,EF07HI02 + EF07HI06,confirmada na planilha
EF07HI02,EF07GE09,relacionada_visao_geral,EF07HI02 + EF07GE09,confirmada na planilha
EF07HI03,EF07HI08,relacionada_visao_geral,EF07HI03 + EF07HI08,confirmada na planilha
EF07HI03,EF07HI09,relacionada_visao_geral,EF07HI03 + EF07HI09,confirmada na planilha
EF07HI03,EF07GE04,relacionada_visao_geral,EF07HI03 + EF07GE04,confirmada na planilha
EF07HI13,EF07HI14,relacionada_visao_geral,EF07HI13 + EF07HI14,confirmada na planilha
EF07HI15,EF07HI16,relacionada_visao_geral,EF07HI15 + EF07HI16,confirmada na planilha
EF07HI15,EF07GE04,relacionada_visao_geral,EF07HI15 + EF07GE04,confirmada na planilha
EF07HI15,EF07GE09,relacionada_visao_geral,EF07HI15 + EF07GE09,confirmada na planilha
EF07GE02,EF07GE05,relacionada_visao_geral,EF07GE02 + EF07GE05,confirmada na planilha
EF07GE02,EF07GE09,relacionada_visao_geral,EF07GE02 + EF07GE09,confirmada na planilha
EF07GE04,EF07GE03,relacionada_visao_geral,EF07GE04 + EF07GE03,confirmada na planilha
EF07GE04,EF07GE09,relacionada_visao_geral,EF07GE04 + EF07GE09,confirmada na planilha
EF07GE04,EF07GE10,relacionada_visao_geral,EF07GE04 + EF07GE10,confirmada na planilha
EF07GE04,EF07HI03,relacionada_visao_geral,EF07GE04 + EF07HI03,confirmada na planilha
EF07GE04,EF07HI15,relacionada_visao_geral,EF07GE04 + EF07HI15,confirmada na planilha
EF07GE11,EF07GE01,relacionada_visao_geral,EF07GE11 + EF07GE01,confirmada na planilha
EF07GE11,EF07GE09,relacionada_visao_geral,EF07GE11 + EF07GE09,confirmada na planilha
EF07GE11,EF07GE12,relacionada_visao_geral,EF07GE11 + EF07GE12,confirmada na planilha
EF07GE06,EF07GE07,relacionada_visao_geral,EF07GE06 + EF07GE07,confirmada na planilha
EF07GE06,EF07GE08,relacionada_visao_geral,EF07GE06 + EF07GE08,confirmada na planilha
EF07GE06,EF07GE09,relacionada_visao_geral,EF07GE06 + EF07GE09,confirmada na planilha
EF07GE06,EF07GE10,relacionada_visao_geral,EF07GE06 + EF07GE10,confirmada na planilha
EF07GE09,EF07GE02,relacionada_visao_geral,EF07GE09 + EF07GE02,confirmada na planilha
EF07GE09,EF07GE04,relacionada_visao_geral,EF07GE09 + EF07GE04,confirmada na planilha
EF07GE09,EF07GE06,relacionada_visao_geral,EF07GE09 + EF07GE06,confirmada na planilha
EF07GE09,EF07GE12,relacionada_visao_geral,EF07GE09 + EF07GE12,confirmada na planilha
EF07GE09,EF07HI02,relacionada_visao_geral,EF07GE09 + EF07HI02,confirmada na planilha
EF07GE09,EF07HI15,relacionada_visao_geral,EF07GE09 + EF07HI15,confirmada na planilha
EF07GE10,EF07GE04,relacionada_visao_geral,EF07GE10 + EF07GE04,confirmada na planilha
EF07GE10,EF07GE06,relacionada_visao_geral,EF07GE10 + EF07GE06,confirmada na planilha
EF08HI01,EF08HI03,relacionada_visao_geral,EF08HI01 + EF08HI03,confirmada na planilha
EF08HI01,EF08GE13,relacionada_visao_geral,EF08HI01 + EF08GE13,confirmada na planilha
EF08HI04,EF08HI01,relacionada_visao_geral,EF08HI04 + EF08HI01,confirmada na planilha
EF08HI04,EF08HI05,relacionada_visao_geral,EF08HI04 + EF08HI05,confirmada na planilha
EF08HI04,EF08HI13,relacionada_visao_geral,EF08HI04 + EF08HI13,confirmada na planilha
EF08HI06,EF08GE05,relacionada_visao_geral,EF08HI06 + EF08GE05,confirmada na planilha
EF08HI15,EF08HI17,relacionada_visao_geral,EF08HI15 + EF08HI17,confirmada na planilha
EF08HI15,EF08HI18,relacionada_visao_geral,EF08HI15 + EF08HI18,confirmada na planilha
EF08HI23,EF08HI24,relacionada_visao_geral,EF08HI23 + EF08HI24,confirmada na planilha
EF08HI23,EF08HI26,relacionada_visao_geral,EF08HI23 + EF08HI26,confirmada na planilha
EF08HI23,EF08HI27,relacionada_visao_geral,EF08HI23 + EF08HI27,confirmada na planilha
EF08HI23,EF08GE05,relacionada_visao_geral,EF08HI23 + EF08GE05,confirmada na planilha
EF08GE05,EF08GE11,relacionada_visao_geral,EF08GE05 + EF08GE11,confirmada na planilha
EF08GE05,EF08HI06,relacionada_visao_geral,EF08GE05 + EF08HI06,confirmada na planilha
EF08GE05,EF08HI23,relacionada_visao_geral,EF08GE05 + EF08HI23,confirmada na planilha
EF08GE08,EF08GE07,relacionada_visao_geral,EF08GE08 + EF08GE07,confirmada na planilha
EF08GE06,EF08GE11,relacionada_visao_geral,EF08GE06 + EF08GE11,confirmada na planilha
EF08GE06,EF08GE12,relacionada_visao_geral,EF08GE06 + EF08GE12,confirmada na planilha
EF08GE06,EF08GE18,relacionada_visao_geral,EF08GE06 + EF08GE18,confirmada na planilha
EF08GE06,EF08GE22,relacionada_visao_geral,EF08GE06 + EF08GE22,confirmada na planilha
EF08GE23,EF08GE15,relacionada_visao_geral,EF08GE23 + EF08GE15,confirmada na planilha
EF08GE23,EF08GE18,relacionada_visao_geral,EF08GE23 + EF08GE18,confirmada na planilha
EF08GE13,EF08GE09,relacionada_visao_geral,EF08GE13 + EF08GE09,confirmada na planilha
EF08GE13,EF08GE18,relacionada_visao_geral,EF08GE13 + EF08GE18,confirmada na planilha
EF08GE13,EF08GE19,relacionada_visao_geral,EF08GE13 + EF08GE19,confirmada na planilha
EF08GE13,EF08GE24,relacionada_visao_geral,EF08GE13 + EF08GE24,confirmada na planilha
EF08GE13,EF08HI01,relacionada_visao_geral,EF08GE13 + EF08HI01,confirmada na planilha
EF08GE20,EF08GE03,relacionada_visao_geral,EF08GE20 + EF08GE03,confirmada na planilha
EF08GE20,EF08GE04,relacionada_visao_geral,EF08GE20 + EF08GE04,confirmada na planilha
EF08GE20,EF08GE10,relacionada_visao_geral,EF08GE20 + EF08GE10,confirmada na planilha
EF08GE20,EF08GE16,relacionada_visao_geral,EF08GE20 + EF08GE16,confirmada na planilha
EF08GE20,EF08GE17,relacionada_visao_geral,EF08GE20 + EF08GE17,confirmada na planilha
EF08GE20,EF08GE18,relacionada_visao_geral,EF08GE20 + EF08GE18,confirmada na planilha
EF08GE20,EF08GE19,relacionada_visao_geral,EF08GE20 + EF08GE19,confirmada na planilha
EF08GE21,EF08GE18,relacionada_visao_geral,EF08GE21 + EF08GE18,confirmada na planilha
EF08GE18,EF08GE05,relacionada_visao_geral,EF08GE18 + EF08GE05,confirmada na planilha
EF08GE18,EF08GE13,relacionada_visao_geral,EF08GE18 + EF08GE13,confirmada na planilha
EF08GE18,EF08GE20,relacionada_visao_geral,EF08GE18 + EF08GE20,confirmada na planilha
EF08GE18,EF08GE23,relacionada_visao_geral,EF08GE18 + EF08GE23,confirmada na planilha
EF08GE19,EF08GE13,relacionada_visao_geral,EF08GE19 + EF08GE13,confirmada na planilha
EF08GE19,EF08GE20,relacionada_visao_geral,EF08GE19 + EF08GE20,confirmada na planilha
EF09HI01,EF09HI02,relacionada_visao_geral,EF09HI01 + EF09HI02,confirmada na planilha
EF09HI10,EF09HI11,relacionada_visao_geral,EF09HI10 + EF09HI11,confirmada na planilha
EF09HI10,EF09HI12,relacionada_visao_geral,EF09HI10 + EF09HI12,confirmada na planilha
EF09HI10,EF09HI13,relacionada_visao_geral,EF09HI10 + EF09HI13,confirmada na planilha
EF09HI19,EF09HI20,relacionada_visao_geral,EF09HI19 + EF09HI20,confirmada na planilha
EF09HI14,EF09HI31,relacionada_visao_geral,EF09HI14 + EF09HI31,confirmada na planilha
EF09HI14,EF09GE08,relacionada_visao_geral,EF09HI14 + EF09GE08,confirmada na planilha
EF09HI08,EF09HI09,relacionada_visao_geral,EF09HI08 + EF09HI09,confirmada na planilha
EF09HI08,EF09HI26,relacionada_visao_geral,EF09HI08 + EF09HI26,confirmada na planilha
EF09HI08,EF09HI36,relacionada_visao_geral,EF09HI08 + EF09HI36,confirmada na planilha
EF09HI08,EF09GE08,relacionada_visao_geral,EF09HI08 + EF09GE08,confirmada na planilha
EF09GE06,EF09GE01,relacionada_visao_geral,EF09GE06 + EF09GE01,confirmada na planilha
EF09GE06,EF09GE15,relacionada_visao_geral,EF09GE06 + EF09GE15,confirmada na planilha
EF09GE05,EF09GE12,relacionada_visao_geral,EF09GE05 + EF09GE12,confirmada na planilha
EF09GE05,EF09GE13,relacionada_visao_geral,EF09GE05 + EF09GE13,confirmada na planilha
EF09GE05,EF09GE14,relacionada_visao_geral,EF09GE05 + EF09GE14,confirmada na planilha
EF09GE02,EF09GE11,relacionada_visao_geral,EF09GE02 + EF09GE11,confirmada na planilha
EF09GE02,EF09GE14,relacionada_visao_geral,EF09GE02 + EF09GE14,confirmada na planilha
EF09GE17,EF09GE04,relacionada_visao_geral,EF09GE17 + EF09GE04,confirmada na planilha
EF09GE17,EF09GE07,relacionada_visao_geral,EF09GE17 + EF09GE07,confirmada na planilha
EF09GE17,EF09GE15,relacionada_visao_geral,EF09GE17 + EF09GE15,confirmada na planilha
EF09GE17,EF09GE16,relacionada_visao_geral,EF09GE17 + EF09GE16,confirmada na planilha
EF09GE09,EF09GE10,relacionada_visao_geral,EF09GE09 + EF09GE10,confirmada na planilha
EF09GE09,EF09GE15,relacionada_visao_geral,EF09GE09 + EF09GE15,confirmada na planilha
EF09GE08,EF09GE01,relacionada_visao_geral,EF09GE08 + EF09GE01,confirmada na planilha
EF09GE08,EF09GE03,relacionada_visao_geral,EF09GE08 + EF09GE03,confirmada na planilha
EF09GE08,EF09GE14,relacionada_visao_geral,EF09GE08 + EF09GE14,confirmada na planilha
EF09GE08,EF09HI08,relacionada_visao_geral,EF09GE08 + EF09HI08,confirmada na planilha
EF09GE08,EF09HI14,relacionada_visao_geral,EF09GE08 + EF09HI14,confirmada na planilha
EF09GE14,EF09GE02,relacionada_visao_geral,EF09GE14 + EF09GE02,confirmada na planilha
EF09GE14,EF09GE05,relacionada_visao_geral,EF09GE14 + EF09GE05,confirmada na planilha
EF09GE14,EF09GE08,relacionada_visao_geral,EF09GE14 + EF09GE08,confirmada na planilha
EF09GE14,EF09GE09,relacionada_visao_geral,EF09GE14 + EF09GE09,confirmada na planilha
EF09GE15,EF09GE06,relacionada_visao_geral,EF09GE15 + EF09GE06,confirmada na planilha
EF09GE15,EF09GE09,relacionada_visao_geral,EF09GE15 + EF09GE09,confirmada na planilha
EF09GE15,EF09GE17,relacionada_visao_geral,EF09GE15 + EF09GE17,confirmada na planilha
EF06HI01,EF07HI01,relacionada_visao_geral,EF06HI01 + EF07HI01,confirmada na planilha
EF06HI01,EF08HI01,relacionada_visao_geral,EF06HI01 + EF08HI01,confirmada na planilha
EF06HI01,EF09HI01,relacionada_visao_geral,EF06HI01 + EF09HI01,confirmada na planilha
EF06HI02,EF07HI02,relacionada_visao_geral,EF06HI02 + EF07HI02,confirmada na planilha
EF06HI02,EF08HI04,relacionada_visao_geral,EF06HI02 + EF08HI04,confirmada na planilha
EF06HI02,EF09HI06,relacionada_visao_geral,EF06HI02 + EF09HI06,confirmada na planilha
EF06HI04,EF07HI03,relacionada_visao_geral,EF06HI04 + EF07HI03,confirmada na planilha
EF06HI04,EF08HI06,relacionada_visao_geral,EF06HI04 + EF08HI06,confirmada na planilha
EF06HI04,EF09HI10,relacionada_visao_geral,EF06HI04 + EF09HI10,confirmada na planilha
EF06HI09,EF07HI13,relacionada_visao_geral,EF06HI09 + EF07HI13,confirmada na planilha
EF06HI09,EF08HI12,relacionada_visao_geral,EF06HI09 + EF08HI12,confirmada na planilha
EF06HI09,EF09HI19,relacionada_visao_geral,EF06HI09 + EF09HI19,confirmada na planilha
EF06HI14,EF07HI15,relacionada_visao_geral,EF06HI14 + EF07HI15,confirmada na planilha
EF06HI14,EF08HI15,relacionada_visao_geral,EF06HI14 + EF08HI15,confirmada na planilha
EF06HI14,EF09HI14,relacionada_visao_geral,EF06HI14 + EF09HI14,confirmada na planilha
EF06GE11,EF07GE02,relacionada_visao_geral,EF06GE11 + EF07GE02,confirmada na planilha
EF06GE11,EF08GE05,relacionada_visao_geral,EF06GE11 + EF08GE05,confirmada na planilha
EF06GE11,EF09GE06,relacionada_visao_geral,EF06GE11 + EF09GE06,confirmada na planilha
EF06GE12,EF07GE04,relacionada_visao_geral,EF06GE12 + EF07GE04,confirmada na planilha
EF06GE12,EF08GE08,relacionada_visao_geral,EF06GE12 + EF08GE08,confirmada na planilha
EF06GE12,EF09GE05,relacionada_visao_geral,EF06GE12 + EF09GE05,confirmada na planilha
EF06GE06,EF07GE11,relacionada_visao_geral,EF06GE06 + EF07GE11,confirmada na planilha
EF06GE06,EF08GE06,relacionada_visao_geral,EF06GE06 + EF08GE06,confirmada na planilha
EF06GE06,EF09GE02,relacionada_visao_geral,EF06GE06 + EF09GE02,confirmada na planilha
EF06GE07,EF07GE06,relacionada_visao_geral,EF06GE07 + EF07GE06,confirmada na planilha
EF06GE07,EF08GE23,relacionada_visao_geral,EF06GE07 + EF08GE23,confirmada na planilha
EF06GE07,EF09GE17,relacionada_visao_geral,EF06GE07 + EF09GE17,confirmada na planilha
EF06GE08,EF07GE09,relacionada_visao_geral,EF06GE08 + EF07GE09,confirmada na planilha
EF06GE08,EF08GE18,relacionada_visao_geral,EF06GE08 + EF08GE18,confirmada na planilha
EF06GE08,EF09GE14,relacionada_visao_geral,EF06GE08 + EF09GE14,confirmada na planilha
EF06GE09,EF07GE10,relacionada_visao_geral,EF06GE09 + EF07GE10,confirmada na planilha
EF06GE09,EF08GE19,relacionada_visao_geral,EF06GE09 + EF08GE19,confirmada na planilha
EF06GE09,EF09GE15,relacionada_visao_geral,EF06GE09 + EF09GE15,confirmada na planilha
EF05HI07,EF06HI01,pre_requisito,EF06HI01,confirmada na planilha
EF06HI01,EF06GE11,relacionada,EF06HI01,confirmada na planilha
EF06HI01,EF06GE08,relacionada,EF06HI01,confirmada na planilha
EF06HI01,EF06GE11,mencao_comentario,EF06HI01,confirmada na planilha
EF06HI01,EF06GE08,mencao_comentario,EF06HI01,confirmada na planilha
EF05HI07,EF06HI02,pre_requisito,EF06HI02,confirmada na planilha
EF06HI02,EF06HI07,relacionada,EF06HI02,confirmada na planilha
EF05HI01,EF06HI04,pre_requisito,EF06HI04,confirmada na planilha
EF06HI04,EF06HI03,relacionada,EF06HI04,confirmada na planilha
EF06HI04,EF06HI06,relacionada,EF06HI04,confirmada na planilha
EF06HI04,EF06HI05,relacionada,EF06HI04,confirmada na planilha
EF06HI04,EF06GE11,relacionada,EF06HI04,confirmada na planilha
EF06HI04,EF06GE11,mencao_comentario,EF06HI04,confirmada na planilha
EF06HI09,EF06HI10,relacionada,EF06HI09,confirmada na planilha
EF06HI09,EF06HI11,relacionada,EF06HI09,confirmada na planilha
EF06HI09,EF06HI13,relacionada,EF06HI09,confirmada na planilha
EF06HI09,EF06GE07,relacionada,EF06HI09,confirmada na planilha
EF06HI09,EF06GE07,mencao_comentario,EF06HI09,confirmada na planilha
EF05HI01,EF06HI14,pre_requisito,EF06HI14,confirmada na planilha
EF05HI04,EF06HI14,pre_requisito,EF06HI14,confirmada na planilha
EF06HI14,EF06HI12,relacionada,EF06HI14,confirmada na planilha
EF06HI14,EF06HI16,relacionada,EF06HI14,confirmada na planilha
EF06HI14,EF06HI18,relacionada,EF06HI14,confirmada na planilha
EF06HI14,EF06HI19,relacionada,EF06HI14,confirmada na planilha
EF06HI14,EF05HI04,mencao_comentario,EF06HI14,confirmada na planilha
EF06GE11,EF06GE01,relacionada,EF06GE11,confirmada na planilha
EF06GE11,EF06GE02,relacionada,EF06GE11,confirmada na planilha
EF06GE11,EF06GE03,relacionada,EF06GE11,confirmada na planilha
EF06GE11,EF06GE05,relacionada,EF06GE11,confirmada na planilha
EF06GE11,EF06GE10,relacionada,EF06GE11,confirmada na planilha
EF06GE11,EF06GE13,relacionada,EF06GE11,confirmada na planilha
EF06GE11,EF06GE08,relacionada,EF06GE11,confirmada na planilha
EF06GE11,EF06GE09,relacionada,EF06GE11,confirmada na planilha
EF06GE11,EF06HI01,relacionada,EF06GE11,confirmada na planilha
EF06GE11,EF06HI04,relacionada,EF06GE11,confirmada na planilha
EF06GE11,EF06HI01,mencao_comentario,EF06GE11,confirmada na planilha
EF06GE11,EF06HI04,mencao_comentario,EF06GE11,confirmada na planilha
EF06GE12,EF06GE04,relacionada,EF06GE12,confirmada na planilha
EF06GE12,EF06GE10,relacionada,EF06GE12,confirmada na planilha
EF06GE12,EF06GE09,relacionada,EF06GE12,confirmada na planilha
EF06GE06,EF06GE02,relacionada,EF06GE06,confirmada na planilha
EF06GE06,EF06GE08,relacionada,EF06GE06,confirmada na planilha
EF06GE06,EF06GE09,relacionada,EF06GE06,confirmada na planilha
EF05GE03,EF06GE07,pre_requisito,EF06GE07,confirmada na planilha
EF06GE07,EF06GE08,relacionada,EF06GE07,confirmada na planilha
EF06GE07,EF06GE09,relacionada,EF06GE07,confirmada na planilha
EF06GE07,EF06HI09,relacionada,EF06GE07,confirmada na planilha
EF06GE07,EF06HI09,mencao_comentario,EF06GE07,confirmada na planilha
EF05MA12,EF06GE08,pre_requisito,EF06GE08,confirmada na planilha
EF05GE09,EF06GE08,pre_requisito,EF06GE08,confirmada na planilha
EF06GE08,EF06GE06,relacionada,EF06GE08,confirmada na planilha
EF06GE08,EF06GE07,relacionada,EF06GE08,confirmada na planilha
EF06GE08,EF06GE11,relacionada,EF06GE08,confirmada na planilha
EF06GE08,EF06HI01,relacionada,EF06GE08,confirmada na planilha
EF06GE08,EF06HI01,mencao_comentario,EF06GE08,confirmada na planilha
EF05GE08,EF06GE09,pre_requisito,EF06GE09,confirmada na planilha
EF05GE09,EF06GE09,pre_requisito,EF06GE09,confirmada na planilha
EF06GE09,EF06GE11,relacionada,EF06GE09,confirmada na planilha
EF06GE09,EF06GE12,relacionada,EF06GE09,confirmada na planilha
EF06HI01,EF07HI01,pre_requisito,EF07HI01,confirmada na planilha
EF06HI14,EF07HI01,pre_requisito,EF07HI01,confirmada na planilha
EF07HI01,EF07HI07,relacionada,EF07HI01,confirmada na planilha
EF07HI01,EF07HI04,relacionada,EF07HI01,confirmada na planilha
EF07HI01,EF07HI05,relacionada,EF07HI01,confirmada na planilha
EF06HI14,EF07HI02,pre_requisito,EF07HI02,confirmada na planilha
EF07HI01,EF07HI02,pre_requisito,EF07HI02,confirmada na planilha
EF07HI02,EF07HI06,relacionada,EF07HI02,confirmada na planilha
EF07HI02,EF07GE09,relacionada,EF07HI02,confirmada na planilha
EF07HI02,EF07GE09,mencao_comentario,EF07HI02,confirmada na planilha
EF06HI14,EF07HI03,pre_requisito,EF07HI03,confirmada na planilha
EF07HI03,EF07HI08,relacionada,EF07HI03,confirmada na planilha
EF07HI03,EF07HI09,relacionada,EF07HI03,confirmada na planilha
EF07HI03,EF07GE04,relacionada,EF07HI03,confirmada na planilha
EF07HI03,EF07GE04,mencao_comentario,EF07HI03,confirmada na planilha
EF07HI01,EF07HI13,pre_requisito,EF07HI13,confirmada na planilha
EF07HI02,EF07HI13,pre_requisito,EF07HI13,confirmada na planilha
EF07HI13,EF07HI14,relacionada,EF07HI13,confirmada na planilha
EF06HI14,EF07HI15,pre_requisito,EF07HI15,confirmada na planilha
EF07HI15,EF07HI16,relacionada,EF07HI15,confirmada na planilha
EF07HI15,EF07GE04,relacionada,EF07HI15,confirmada na planilha
EF07HI15,EF07GE09,relacionada,EF07HI15,confirmada na planilha
EF07HI15,EF07GE04,mencao_comentario,EF07HI15,confirmada na planilha
EF07HI15,EF07GE09,mencao_comentario,EF07HI15,confirmada na planilha
EF07HI01,EF07HI17,pre_requisito,EF07HI17,confirmada na planilha
EF07HI04,EF07HI17,pre_requisito,EF07HI17,confirmada na planilha
EF07HI05,EF07HI17,pre_requisito,EF07HI17,confirmada na planilha
EF06GE02,EF07GE02,pre_requisito,EF07GE02,confirmada na planilha
EF07GE02,EF07GE05,relacionada,EF07GE02,confirmada na planilha
EF07GE02,EF07GE09,relacionada,EF07GE02,confirmada na planilha
EF06GE02,EF07GE04,pre_requisito,EF07GE04,confirmada na planilha
EF07GE02,EF07GE04,pre_requisito,EF07GE04,confirmada na planilha
EF07GE04,EF07GE03,relacionada,EF07GE04,confirmada na planilha
EF07GE04,EF07GE09,relacionada,EF07GE04,confirmada na planilha
EF07GE04,EF07GE10,relacionada,EF07GE04,confirmada na planilha
EF07GE04,EF07HI03,relacionada,EF07GE04,confirmada na planilha
EF07GE04,EF07HI15,relacionada,EF07GE04,confirmada na planilha
EF07GE04,EF07HI15,mencao_comentario,EF07GE04,confirmada na planilha
EF07GE04,EF07HI03,mencao_comentario,EF07GE04,confirmada na planilha
EF06GE03,EF07GE11,pre_requisito,EF07GE11,confirmada na planilha
EF06GE04,EF07GE11,pre_requisito,EF07GE11,confirmada na planilha
EF06GE11,EF07GE11,pre_requisito,EF07GE11,confirmada na planilha
EF06GE12,EF07GE11,pre_requisito,EF07GE11,confirmada na planilha
EF07GE11,EF07GE01,relacionada,EF07GE11,confirmada na planilha
EF07GE11,EF07GE12,relacionada,EF07GE11,confirmada na planilha
EF07GE11,EF07GE09,relacionada,EF07GE11,confirmada na planilha
EF07GE11,EF07CI07,mencao_comentario,EF07GE11,confirmada na planilha
EF06GE06,EF07GE06,pre_requisito,EF07GE06,confirmada na planilha
EF07GE06,EF07GE07,relacionada,EF07GE06,confirmada na planilha
EF07GE06,EF07GE08,relacionada,EF07GE06,confirmada na planilha
EF07GE06,EF07GE09,relacionada,EF07GE06,confirmada na planilha
EF07GE06,EF07GE10,relacionada,EF07GE06,confirmada na planilha
EF06GE08,EF07GE09,pre_requisito,EF07GE09,confirmada na planilha
EF06GE09,EF07GE09,pre_requisito,EF07GE09,confirmada na planilha
EF07GE09,EF07GE02,relacionada,EF07GE09,confirmada na planilha
EF07GE09,EF07GE04,relacionada,EF07GE09,confirmada na planilha
EF07GE09,EF07GE06,relacionada,EF07GE09,confirmada na planilha
EF07GE09,EF07HI02,relacionada,EF07GE09,confirmada na planilha
EF07GE09,EF07HI15,relacionada,EF07GE09,confirmada na planilha
EF07GE09,EF07GE12,relacionada,EF07GE09,confirmada na planilha
EF07GE09,EF07HI02,mencao_comentario,EF07GE09,confirmada na planilha
EF07GE09,EF07HI15,mencao_comentario,EF07GE09,confirmada na planilha
EF06GE08,EF07GE10,pre_requisito,EF07GE10,confirmada na planilha
EF06GE09,EF07GE10,pre_requisito,EF07GE10,confirmada na planilha
EF07GE10,EF07GE04,relacionada,EF07GE10,confirmada na planilha
EF07GE10,EF07GE06,relacionada,EF07GE10,confirmada na planilha
EF07GE10,EF07MA36,mencao_comentario,EF07GE10,confirmada na planilha
EF07HI17,EF08HI01,pre_requisito,EF08HI01,confirmada na planilha
EF08HI01,EF08HI03,relacionada,EF08HI01,confirmada na planilha
EF08HI01,EF08GE13,relacionada,EF08HI01,confirmada na planilha
EF08HI01,EF08GE13,mencao_comentario,EF08HI01,confirmada na planilha
EF08HI01,EF08HI04,pre_requisito,EF08HI04,confirmada na planilha
EF08HI04,EF08HI01,relacionada,EF08HI04,confirmada na planilha
EF08HI04,EF08HI05,relacionada,EF08HI04,confirmada na planilha
EF08HI04,EF08HI13,relacionada,EF08HI04,confirmada na planilha
EF07HI01,EF08HI06,pre_requisito,EF08HI06,confirmada na planilha
EF08HI06,EF08GE05,relacionada,EF08HI06,confirmada na planilha
EF08HI06,EF08GE05,mencao_comentario,EF08HI06,confirmada na planilha
EF07HI13,EF08HI12,pre_requisito,EF08HI12,confirmada na planilha
EF08HI12,EF08HI15,pre_requisito,EF08HI15,confirmada na planilha
EF08HI15,EF08HI17,relacionada,EF08HI15,confirmada na planilha
EF08HI15,EF08HI18,relacionada,EF08HI15,confirmada na planilha
EF07HI01,EF08HI23,pre_requisito,EF08HI23,confirmada na planilha
EF07HI15,EF08HI23,pre_requisito,EF08HI23,confirmada na planilha
EF08HI23,EF08HI24,relacionada,EF08HI23,confirmada na planilha
EF08HI23,EF08HI26,relacionada,EF08HI23,confirmada na planilha
EF08HI23,EF08HI27,relacionada,EF08HI23,confirmada na planilha
EF08HI23,EF08GE05,relacionada,EF08HI23,confirmada na planilha
EF08HI23,EF08GE05,mencao_comentario,EF08HI23,confirmada na planilha
EF07GE02,EF08GE05,pre_requisito,EF08GE05,confirmada na planilha
EF08GE05,EF08GE11,relacionada,EF08GE05,confirmada na planilha
EF08GE05,EF08HI06,relacionada,EF08GE05,confirmada na planilha
EF08GE05,EF08HI23,relacionada,EF08GE05,confirmada na planilha
EF08GE05,EF08HI06,mencao_comentario,EF08GE05,confirmada na planilha
EF08GE05,EF08HI23,mencao_comentario,EF08GE05,confirmada na planilha
EF08GE05,EF08GE08,pre_requisito,EF08GE08,confirmada na planilha
EF08GE08,EF08GE07,relacionada,EF08GE08,confirmada na planilha
EF08GE08,EF08GE06,pre_requisito,EF08GE06,confirmada na planilha
EF08GE06,EF08GE11,relacionada,EF08GE06,confirmada na planilha
EF08GE06,EF08GE12,relacionada,EF08GE06,confirmada na planilha
EF08GE06,EF08GE22,relacionada,EF08GE06,confirmada na planilha
EF08GE06,EF08GE18,relacionada,EF08GE06,confirmada na planilha
EF07GE11,EF08GE23,pre_requisito,EF08GE23,confirmada na planilha
EF08GE23,EF08GE15,relacionada,EF08GE23,confirmada na planilha
EF08GE23,EF08GE18,relacionada,EF08GE23,confirmada na planilha
EF07GE06,EF08GE13,pre_requisito,EF08GE13,confirmada na planilha
EF08GE13,EF08GE09,relacionada,EF08GE13,confirmada na planilha
EF08GE13,EF08GE24,relacionada,EF08GE13,confirmada na planilha
EF08GE13,EF08GE18,relacionada,EF08GE13,confirmada na planilha
EF08GE13,EF08GE19,relacionada,EF08GE13,confirmada na planilha
EF08GE13,EF08HI01,relacionada,EF08GE13,confirmada na planilha
EF08GE13,EF08HI01,mencao_comentario,EF08GE13,confirmada na planilha
EF07GE02,EF08GE20,pre_requisito,EF08GE20,confirmada na planilha
EF07GE04,EF08GE20,pre_requisito,EF08GE20,confirmada na planilha
EF07GE06,EF08GE20,pre_requisito,EF08GE20,confirmada na planilha
EF08GE23,EF08GE20,pre_requisito,EF08GE20,confirmada na planilha
EF08GE20,EF08GE03,relacionada,EF08GE20,confirmada na planilha
EF08GE20,EF08GE04,relacionada,EF08GE20,confirmada na planilha
EF08GE20,EF08GE10,relacionada,EF08GE20,confirmada na planilha
EF08GE20,EF08GE16,relacionada,EF08GE20,confirmada na planilha
EF08GE20,EF08GE17,relacionada,EF08GE20,confirmada na planilha
EF08GE20,EF08GE18,relacionada,EF08GE20,confirmada na planilha
EF08GE20,EF08GE19,relacionada,EF08GE20,confirmada na planilha
EF08GE21,EF08GE18,relacionada,EF08GE21,confirmada na planilha
EF07GE09,EF08GE18,pre_requisito,EF08GE18,confirmada na planilha
EF07GE10,EF08GE18,pre_requisito,EF08GE18,confirmada na planilha
EF08GE18,EF08GE05,relacionada,EF08GE18,confirmada na planilha
EF08GE18,EF08GE13,relacionada,EF08GE18,confirmada na planilha
EF08GE18,EF08GE20,relacionada,EF08GE18,confirmada na planilha
EF08GE18,EF08GE23,relacionada,EF08GE18,confirmada na planilha
EF07GE09,EF08GE19,pre_requisito,EF08GE19,confirmada na planilha
EF07GE10,EF08GE19,pre_requisito,EF08GE19,confirmada na planilha
EF08GE19,EF08GE13,relacionada,EF08GE19,confirmada na planilha
EF08GE19,EF08GE20,relacionada,EF08GE19,confirmada na planilha
EF08HI15,EF09HI01,pre_requisito,EF09HI01,confirmada na planilha
EF09HI01,EF09HI02,relacionada,EF09HI01,confirmada na planilha
EF08HI01,EF09HI10,pre_requisito,EF09HI10,confirmada na planilha
EF08HI06,EF09HI10,pre_requisito,EF09HI10,confirmada na planilha
EF09HI10,EF09HI11,relacionada,EF09HI10,confirmada na planilha
EF09HI10,EF09HI12,relacionada,EF09HI10,confirmada na planilha
EF09HI10,EF09HI13,relacionada,EF09HI10,confirmada na planilha
EF09HI10,EF09HI19,pre_requisito,EF09HI19,confirmada na planilha
EF09HI19,EF09HI20,relacionada,EF09HI19,confirmada na planilha
EF09HI19,EF09HI10,mencao_comentario,EF09HI19,confirmada na planilha
EF07HI02,EF09HI14,pre_requisito,EF09HI14,confirmada na planilha
EF07HI13,EF09HI14,pre_requisito,EF09HI14,confirmada na planilha
EF08HI23,EF09HI14,pre_requisito,EF09HI14,confirmada na planilha
EF09HI14,EF09HI31,relacionada,EF09HI14,confirmada na planilha
EF09HI14,EF09GE08,relacionada,EF09HI14,confirmada na planilha
EF09HI14,EF09GE08,mencao_comentario,EF09HI14,confirmada na planilha
EF09HI08,EF09HI09,relacionada,EF09HI08,confirmada na planilha
EF09HI08,EF09HI26,relacionada,EF09HI08,confirmada na planilha
EF09HI08,EF09HI36,relacionada,EF09HI08,confirmada na planilha
EF09HI08,EF09GE08,relacionada,EF09HI08,confirmada na planilha
EF09HI08,EF09GE08,mencao_comentario,EF09HI08,confirmada na planilha
EF08GE05,EF09GE06,pre_requisito,EF09GE06,confirmada na planilha
EF09GE06,EF09GE01,relacionada,EF09GE06,confirmada na planilha
EF09GE06,EF09GE15,relacionada,EF09GE06,confirmada na planilha
EF08GE08,EF09GE05,pre_requisito,EF09GE05,confirmada na planilha
EF09GE05,EF09GE12,relacionada,EF09GE05,confirmada na planilha
EF09GE05,EF09GE13,relacionada,EF09GE05,confirmada na planilha
EF09GE05,EF09GE14,relacionada,EF09GE05,confirmada na planilha
EF08GE06,EF09GE02,pre_requisito,EF09GE02,confirmada na planilha
EF09GE05,EF09GE02,pre_requisito,EF09GE02,confirmada na planilha
EF09GE02,EF09GE11,relacionada,EF09GE02,confirmada na planilha
EF09GE02,EF09GE14,relacionada,EF09GE02,confirmada na planilha
EF08GE23,EF09GE17,pre_requisito,EF09GE17,confirmada na planilha
EF09GE17,EF09GE04,relacionada,EF09GE17,confirmada na planilha
EF09GE17,EF09GE07,relacionada,EF09GE17,confirmada na planilha
EF09GE17,EF09GE16,relacionada,EF09GE17,confirmada na planilha
EF09GE17,EF09GE15,relacionada,EF09GE17,confirmada na planilha
EF08GE20,EF09GE09,pre_requisito,EF09GE09,confirmada na planilha
EF09GE17,EF09GE09,pre_requisito,EF09GE09,confirmada na planilha
EF09GE09,EF09GE10,relacionada,EF09GE09,confirmada na planilha
EF09GE09,EF09GE15,relacionada,EF09GE09,confirmada na planilha
EF08GE05,EF09GE08,pre_requisito,EF09GE08,confirmada na planilha
EF09GE09,EF09GE08,pre_requisito,EF09GE08,confirmada na planilha
EF09GE17,EF09GE08,pre_requisito,EF09GE08,confirmada na planilha
EF09GE08,EF09GE01,relacionada,EF09GE08,confirmada na planilha
EF09GE08,EF09GE03,relacionada,EF09GE08,confirmada na planilha
EF09GE08,EF09GE14,relacionada,EF09GE08,confirmada na planilha
EF09GE08,EF09HI08,relacionada,EF09GE08,confirmada na planilha
EF09GE08,EF09HI14,relacionada,EF09GE08,confirmada na planilha
EF09GE08,EF09HI08,mencao_comentario,EF09GE08,confirmada na planilha
EF09GE08,EF09HI14,mencao_comentario,EF09GE08,confirmada na planilha
EF08GE18,EF09GE14,pre_requisito,EF09GE14,confirmada na planilha
EF08GE19,EF09GE14,pre_requisito,EF09GE14,confirmada na planilha
EF09GE14,EF09GE02,relacionada,EF09GE14,confirmada na planilha
EF09GE14,EF09GE05,relacionada,EF09GE14,confirmada na planilha
EF09GE14,EF09GE08,relacionada,EF09GE14,confirmada na planilha
EF09GE14,EF09GE09,relacionada,EF09GE14,confirmada na planilha
EF08GE18,EF09GE15,pre_requisito,EF09GE15,confirmada na planilha
EF08GE19,EF09GE15,pre_requisito,EF09GE15,confirmada na planilha
EF09GE15,EF09GE06,relacionada,EF09GE15,confirmada na planilha
EF09GE15,EF09GE09,relacionada,EF09GE15,confirmada na planilha
EF09GE15,EF09GE17,relacionada,EF09GE15,confirmada na planilha
EF01LP22,EF13LP03,relacionada,EF01LP22,em revisão: código ausente na BNCC
EF03MA23,EM02MA18,mencao_comentario,EF03MA23,em revisão: código ausente na BNCC
EM08MA18,EF09MA10,pre_requisito,EF09MA10,em revisão: código ausente na BNCC
EM08MA18,EF09MA14,pre_requisito,EF09MA14,em revisão: código ausente na BNCC
